"l_userid","l_songid"
8509,18428
9499,49248
8273,10949
1504,4993
9697,31214
5275,25650
5434,17723
2160,5400
4118,34295
7737,23652
7308,38043
247,31030
9020,15929
6506,34073
7563,5217
7620,41132
8320,3144
1447,17838
7035,42246
5858,2763
9678,6076
6992,48976
8824,17253
5307,25946
8273,20505
6062,25262
9895,15455
9806,44646
5089,32971
1369,1416
1988,32565
9276,11689
1376,13438
6600,12931
5021,41575
7329,5222
2279,44234
8995,25424
8764,10786
7671,45204
9803,15926
6011,19969
6302,10203
7875,44871
566,12493
4860,21747
998,12979
6384,28546
2258,39100
9108,2144
5854,36270
3640,31527
8487,26482
9206,42117
9432,5498
1450,16704
5934,45290
5604,10093
2477,46967
9596,26089
9139,9999
9066,47106
9135,44531
742,7729
2975,35298
7744,20188
4838,39552
5343,43313
9456,17909
7854,19715
3124,13780
4609,43008
268,30790
499,47207
6345,25344
3740,17619
950,14137
301,17689
7181,5258
786,18934
7135,39698
6799,7510
8052,5556
6006,23252
3612,44881
4700,15476
2870,2124
1609,5551
7253,21444
3325,33152
2110,15083
3339,290
7718,8728
4543,28316
6286,48148
3847,45148
5167,28897
3444,49401
8443,29765
8298,40321
3645,4631
9942,25730
5447,45934
5027,30657
8283,6536
6347,1249
7057,7360
3586,18671
221,27969
7711,36175
4597,39430
8198,3109
8818,45094
9027,26982
3094,15223
5238,22977
3772,21180
5493,28026
600,10474
9558,30983
9624,37358
8093,13402
7165,32659
7082,45884
5821,20215
8457,29567
8059,41464
2665,38551
7463,24116
6604,38472
4863,44789
6190,11605
7430,13049
4632,8486
2208,41211
6177,17833
4049,8821
8552,34688
1853,10990
7655,36720
8765,29520
1734,1399
3124,45885
3178,17213
1860,37762
5863,37681
3714,20691
6434,24814
4765,43483
1732,2821
5952,1042
5117,5465
9592,8284
3053,32257
3503,47247
100,47745
2036,43781
7719,22269
116,4143
882,19525
740,34251
3786,40736
8582,41917
3977,47408
1736,18285
8050,49191
1608,28163
5745,11334
4102,35627
6115,22473
1511,44459
5763,27848
2751,14488
6892,7660
5513,45769
2777,28312
3737,26751
7531,25697
6861,25603
9678,43151
6133,9045
9354,36365
3513,17198
9755,5952
7343,17399
4369,12822
9164,16916
1464,40925
9078,44789
9180,13684
2480,4381
7035,32293
7253,22529
3913,16365
7646,12282
9985,27977
6893,49751
7376,6751
7195,864
724,31420
5882,29603
3205,9862
4065,5011
1049,5063
1992,30815
4032,13411
482,9866
754,25013
8557,32363
9335,42248
7886,42459
8758,5861
7486,12050
7493,40617
5339,40731
6769,12148
9606,41359
7375,8368
1196,12164
4150,44452
2097,43481
6602,34248
6516,2746
7598,21740
5936,18338
1286,17637
8610,23099
1085,8222
4984,21356
2028,29044
8182,15264
5542,4970
7200,12670
910,14362
6963,30015
6518,6407
3395,46141
3614,35062
1857,49543
579,34634
9127,4924
2483,17575
4657,10945
7915,34150
6662,35548
130,46559
6199,41588
2704,35883
709,8736
3018,14318
2975,29849
967,49159
5449,9160
1821,48396
6911,46510
9249,11367
9192,3054
6362,41408
9285,22467
7873,37184
6236,37021
7256,13659
4191,36445
225,17037
1307,15443
6564,16310
248,18865
5139,20218
7812,27907
4632,41250
3100,29945
7256,15978
8834,4318
4201,9456
8782,25378
1108,35913
1210,46832
6322,2448
7793,29952
4376,23284
485,27194
9611,36995
2732,45990
1332,24701
9726,40955
7842,23402
1631,887
3646,46122
9815,14164
8745,39717
9833,16117
8412,12991
3262,5779
5072,38576
8625,32123
5569,7437
453,32476
1150,24514
6640,33616
8726,32556
1083,46590
3738,6444
9313,14311
6572,38899
297,16316
9840,20877
2732,3939
1497,45424
9103,44050
5542,8307
9221,47196
4736,38652
9883,11263
8974,1695
5185,5048
4687,2760
6394,20129
7142,34016
8294,31617
6324,11895
4092,15643
2535,8664
8522,48381
1595,24022
8115,18149
3111,32495
2948,20096
9663,48952
5833,16794
4077,48330
4552,41957
7474,14093
7995,27139
5958,36886
9006,27735
6586,36487
6203,33654
798,12435
3159,17190
46,6396
561,39332
4614,6550
267,29093
419,29728
7035,33824
4030,48739
2124,9066
3419,19425
2690,30986
6743,21939
5485,38374
3601,16770
2088,37925
1560,12146
1657,4006
379,23477
9299,7521
1058,29746
1731,30097
3357,4177
5453,31359
6056,27899
1352,45590
3476,12165
2205,14940
5256,21093
8054,43631
7046,8584
7473,34411
1713,12450
6793,15293
9601,20985
4350,22824
7949,4241
1894,49715
2315,6172
1337,8133
1078,2280
5524,5971
8556,41441
7108,28097
5393,36527
7699,49935
1841,46102
366,40681
8323,45207
5698,42092
7161,24081
1110,21612
9385,20230
3949,2341
8906,45167
7917,17544
5204,3239
9656,33460
8669,15396
5936,33106
2797,3587
690,2348
3372,12962
4244,775
383,39145
800,33080
8952,7502
9847,34153
9662,1935
2165,24995
5423,32870
7915,44714
6328,33316
37,6866
3964,7948
1636,36550
1999,20403
3902,14329
149,23640
3421,10447
6777,24849
4830,25730
1798,49247
8952,640
1844,3679
9456,24592
7342,33982
7516,27449
9067,22588
1972,31150
2385,13685
6417,48192
4182,20502
7894,31735
2115,6978
7009,15684
3782,26904
3571,34295
8271,10404
1905,32867
8087,46212
5729,21382
8444,34188
3237,2478
5241,13241
2915,26733
3213,18316
8229,36139
3801,5598
1851,15077
3273,11020
3312,1242
4230,10972
1480,16804
9702,17499
9317,36234
3255,28573
520,14022
6236,7291
9146,45547
234,6653
8481,26176
113,46450
9380,15589
992,12206
1342,37466
4235,26922
3176,34976
2908,2103
6636,38682
2012,22266
4123,20715
522,13853
6739,18821
3590,49141
1717,14361
3458,36889
3472,4467
1935,29880
924,14758
8094,13973
7118,8777
2011,34969
298,887
6111,37647
4373,42712
7345,37037
9616,12727
4993,24195
1437,8926
5617,22954
7052,4863
4971,42431
3356,31054
5215,5744
1456,26859
9768,32832
8016,231
8062,48041
5040,37404
6555,2063
6635,1422
9450,26652
599,29284
5319,44648
8241,41149
4918,34534
7149,17174
6139,38203
4076,35982
2074,42544
4467,40094
4396,6039
2776,23336
6436,5438
512,2196
1588,25435
8509,20854
8397,11897
3884,43475
1844,43276
1859,29243
369,4049
8893,40397
6791,21964
9746,4152
4035,2054
1858,38891
6108,41938
5729,15800
4943,49512
6532,28866
7123,48543
2402,46584
976,24872
8816,26542
2120,46646
227,12267
411,3435
2522,6327
7379,14906
9290,10264
5446,28797
1610,28016
3023,21997
5072,25378
6019,14847
3557,28475
3652,40912
3041,45205
9191,15013
2219,18063
7693,45358
3453,40744
4706,26029
6708,28102
4036,11955
4759,49268
228,38127
4672,34453
6908,21689
3619,40311
499,10603
5495,48384
5063,18148
7714,42147
1433,2482
2161,14004
5604,37181
7125,18317
9180,46572
1025,45145
7520,29477
510,49286
381,24857
7249,27260
957,7694
6741,37812
7683,4796
4095,38017
686,15302
4077,8356
5995,27577
8031,42584
6593,17335
4274,8428
5423,4910
2197,23034
7901,4363
5769,35554
5646,20974
9899,35834
8268,21038
1237,33995
8738,11208
935,45030
4424,6745
2392,29603
9773,34068
4575,12127
4921,12694
9032,8579
1637,24398
8399,44801
8690,14679
9872,31167
1270,23723
8710,8775
6701,17134
8792,3561
1085,33392
6254,42379
4065,45370
5880,42778
635,10033
5440,32338
8999,16778
4307,11423
2101,46763
5501,1806
1678,30494
1209,8697
6997,33940
3278,2046
1486,5529
6782,30621
8059,40672
6913,45471
6751,4680
8092,37136
2985,22076
6991,26714
4507,646
5136,11209
8113,26478
8139,9791
8978,3503
4434,38567
7095,25040
5979,32812
6832,39537
8837,9778
5016,34814
202,29673
8570,450
2056,38176
3152,38478
2336,34989
6001,27201
7282,7610
5465,35638
49,16245
6374,6015
9934,8813
8210,20956
8912,36815
7571,1034
1569,10342
2607,33128
5370,49974
8653,16398
7215,16275
3339,36276
7418,34321
7389,94
4998,43437
8989,13048
3939,12537
1881,25762
9278,5856
5352,28445
9732,32510
457,30501
6065,43131
6258,21423
4870,22933
7329,28549
3538,44840
3191,43028
2792,2227
3306,32259
5475,2045
1065,47738
9754,1150
1132,47190
5696,3559
9050,43683
2847,12455
5230,44685
325,43166
1478,2921
2040,16935
7353,23112
9743,15423
2290,41505
1640,20607
6340,42206
3482,22656
8409,21975
2754,34250
3946,45154
1119,44075
9499,7498
3379,39811
508,25436
1196,42310
6783,4462
1904,25036
5857,31865
9436,25401
925,49649
5583,42910
9297,33614
387,25115
1694,19720
4234,21830
760,132
1544,43541
7749,9354
663,12038
5737,14120
5285,2863
5103,23067
8293,17178
5151,34298
2552,31452
27,47592
6032,31211
1700,22203
148,14003
6879,32448
55,7730
8804,9394
1085,18682
1170,43988
8217,9056
6617,31071
7491,2516
3904,35736
7091,49418
4556,29114
3005,2941
8929,6905
8047,36869
2309,45012
7213,44308
490,27159
7807,12621
7145,1931
5685,2439
324,26033
8838,1550
2872,20719
8029,35192
3016,21421
1429,37968
3797,39071
1899,26104
2659,39213
6856,42401
8526,18374
6931,20089
904,32314
5974,16736
1773,10438
8100,28469
2111,28016
212,4066
5423,38912
8950,26495
9438,47071
3169,40950
6617,40508
9512,18088
9561,30158
4918,48575
836,10811
576,41484
1942,16241
3418,5216
5998,29750
5163,45171
5084,32387
8760,43323
6632,30992
4994,43058
8244,43350
3393,14282
8187,21336
3800,16277
3535,15004
9143,37741
7707,28049
753,27828
4962,15508
6663,38424
8774,9004
9017,43956
7258,5469
8867,15516
8219,2048
6370,19524
5415,33140
6392,5760
8854,11337
6087,25421
6496,16952
7779,17568
5220,24846
3816,15238
9218,17327
2741,1646
9240,45286
2323,48257
5594,16010
9737,31819
273,33563
6657,28584
4665,43884
8249,21652
3599,43942
4295,32758
2120,21318
5632,37337
1575,35697
8390,17781
4490,24157
5339,26288
9634,17053
2743,21129
9769,3683
7942,34365
477,36081
3521,24761
4583,4317
6051,9148
6593,1572
4389,47344
3019,37514
2867,49129
8622,45836
7255,30389
7717,42734
5079,29076
6707,17967
9712,22779
4538,18794
4173,12776
2874,9145
2348,40919
9633,9076
6904,26783
5733,23964
8507,24627
2640,2397
3233,28184
3611,11027
9956,10239
1012,43110
7421,39180
3865,40271
2308,8075
1659,15662
7175,31951
6891,468
6886,40062
4474,19497
7825,29066
5375,16107
5682,48195
1404,12646
8525,31150
9096,32277
788,48925
2173,17890
2410,32448
4808,46624
6629,32662
3389,9534
3062,28639
3834,2782
2615,7684
7298,33260
3708,48185
5261,21270
6956,47162
3800,20125
8631,18417
4974,27439
9876,27112
3868,14513
3064,27585
6754,20171
875,30181
1791,34905
8559,29791
6475,15917
6424,41868
8230,557
118,2611
6429,7554
5293,44038
1202,36319
4509,36329
1900,3063
7242,27882
8768,14849
6261,35634
7853,30494
7283,15483
818,26963
3801,16369
4748,26347
2448,21088
4512,39714
6414,20697
6982,4337
336,37770
4848,7104
9269,44824
9305,10142
9719,37558
2552,8281
8236,45611
4388,23523
5707,32987
7049,29892
2228,49742
6978,26063
1100,46414
9229,23747
3840,5201
2970,2305
7560,25129
8046,39302
1060,15502
4024,25046
6604,49975
220,14379
6304,39250
6688,35187
2892,1798
4759,22448
7262,28640
6099,1898
1097,43755
1084,2688
8718,14119
8656,46001
2501,37782
9161,2608
66,28117
2658,8285
7633,11967
8761,25454
3917,43380
8465,9429
5571,33990
1645,7014
6005,28349
9219,39709
97,32362
3417,49417
5355,48198
9320,40973
4233,10374
7614,5542
6778,7620
7193,49665
4107,34925
4164,32365
9067,6571
8205,24986
3044,39575
7673,46855
539,14114
3905,25406
5901,38406
8743,2135
4021,24107
7815,37900
2216,24163
7009,27910
4084,32167
1414,45775
2083,24213
5237,9150
7128,15200
440,6174
2846,38719
8965,22604
5882,47643
360,23392
9447,16813
3027,10298
7801,23942
4727,21741
5936,22271
523,27174
5686,27263
3932,8105
9105,1887
10008,4
10008,3
10008,2
10008,10000
