"ps_playlistid","ps_songid"
825,9138
313,3959
354,16620
160,4301
362,41422
443,7427
610,44513
202,15963
73,11756
357,31411
458,14351
301,33872
45,13176
745,16958
269,12090
198,3382
625,37018
125,42370
404,19567
955,36965
929,43951
250,3756
127,6711
109,29675
943,39742
576,11113
519,34093
224,16990
262,2167
767,3061
551,15569
419,17642
383,38431
130,14407
31,2719
862,29239
808,45518
292,10596
399,30455
879,1873
165,17084
360,44338
607,43015
305,5561
818,49347
376,24780
353,10179
61,13040
426,12849
163,24846
791,28089
770,39540
955,32602
918,39008
260,13052
40,29529
909,16401
596,16186
295,35972
208,7339
710,4431
924,34624
825,40022
443,46190
188,27446
762,3530
668,46422
402,21083
229,21848
397,46638
559,48383
798,10702
11,25453
899,1983
439,6137
13,18866
863,7092
553,15619
967,40235
368,33894
92,21069
254,44607
630,46034
555,34477
712,17660
903,1478
528,4225
70,43144
126,46321
914,849
326,36243
987,4196
40,18007
474,18657
47,11731
642,33198
622,25901
217,12110
41,10666
930,42298
984,8153
374,23581
651,10616
510,29663
284,34329
55,7807
727,26338
543,28906
435,43887
378,48718
297,36639
446,43014
307,49194
888,39188
214,14918
481,6241
186,12361
171,17351
496,30900
342,40244
813,9336
354,8999
980,22167
802,43288
106,13979
880,45834
522,21226
187,7730
786,23566
665,28340
11,5660
698,29639
357,44011
735,34540
500,44307
440,5846
886,46811
956,2767
858,29086
625,107
598,28631
530,6316
175,15210
205,27924
934,25357
642,29297
996,43656
55,25705
707,18360
444,38912
58,11824
949,11559
487,18331
655,39431
846,14620
624,2892
539,37157
313,41695
619,40323
833,44393
213,18215
959,23189
497,18312
523,20243
969,10320
458,15512
683,30581
142,33170
71,47259
502,22232
280,1764
820,5964
871,20808
42,16779
949,49818
901,21392
708,11670
553,2707
645,35599
590,32398
151,44869
222,44145
863,9029
571,33644
688,41260
872,42870
802,37713
578,8175
183,32072
150,45371
380,43883
687,18965
451,42268
40,28176
990,35991
624,44095
492,42762
711,22792
360,37078
332,13402
505,15960
603,29720
895,33018
70,7808
417,9382
298,37728
82,42325
161,15597
311,2965
495,19829
977,7468
527,10977
644,18432
17,40822
160,42634
725,8138
446,30265
410,26827
838,13481
401,19330
528,15767
485,32758
155,5294
652,22806
645,9828
653,24390
5,3283
514,20627
42,27049
309,44328
117,31772
836,1342
650,5498
77,16923
411,29810
316,19272
224,28517
219,17787
197,11363
571,8102
619,22768
86,39244
850,9332
721,36994
2,36417
430,14245
914,14338
724,522
866,22545
392,21250
244,1570
185,38337
846,45243
217,7395
529,16504
18,16538
738,45629
789,47649
389,44942
476,24714
94,33932
568,18757
220,19882
396,4825
397,49602
332,12310
282,29403
611,38113
910,29884
510,27365
721,16213
67,18935
194,14759
545,44419
201,28957
697,24121
944,47109
168,9238
409,24781
277,5357
365,25005
720,12842
157,18398
759,17331
231,48918
642,5241
508,515
808,44856
732,456
960,46162
557,11335
717,44437
389,8366
614,39117
315,28175
151,17049
867,35582
844,9575
839,24804
161,30516
390,18961
420,29547
587,37384
482,46514
833,47984
957,30873
198,31087
151,25442
309,1878
267,20125
154,10215
801,40608
648,12422
135,31065
898,10960
790,44614
940,24284
751,34028
558,17954
75,13992
437,31136
270,41761
742,28321
946,42098
91,46246
80,18500
21,12399
467,20750
292,21953
464,7320
788,13322
554,16147
246,5824
361,3100
762,4664
913,8222
292,37081
844,8966
527,41005
942,47986
842,26750
880,26780
84,11919
707,34201
198,13633
92,46767
487,3060
285,25455
488,15301
702,31393
224,23190
413,13412
973,13667
884,42685
830,10497
119,14725
668,6586
305,23670
295,6350
41,27275
454,35344
467,26922
984,28023
892,26155
132,11489
945,46017
395,17552
647,32190
860,27701
680,26309
982,4702
399,31306
296,29536
770,39696
95,4352
76,25134
512,4189
109,34129
330,27180
720,8587
780,30870
389,32416
315,42840
596,14851
144,30317
673,26862
217,33111
163,4236
725,22747
420,28946
660,39593
748,29070
580,15428
784,45302
569,33655
437,2559
585,47188
249,9791
964,25832
276,49933
221,45530
660,41390
808,47802
904,1779
342,45662
289,48963
238,26489
47,18053
391,38718
502,35875
504,5216
926,5872
701,47576
373,41033
910,35186
182,26638
799,25889
7,31108
695,46566
676,45607
199,41290
416,17982
629,17489
894,12245
925,47624
823,12777
196,21110
437,13919
634,37982
796,29389
782,10029
973,10265
912,46607
630,20686
542,39907
89,14649
410,15630
325,38592
750,45162
988,8892
10,41992
228,24902
274,5286
42,9248
886,33261
25,33730
573,35200
910,13512
396,39650
200,42811
663,46126
88,25707
823,47148
319,2131
752,47922
851,35534
259,38827
362,24909
891,7441
527,39095
145,22429
637,43770
135,9798
838,23492
412,35252
661,5418
548,13741
456,28467
455,19924
775,18444
435,41271
814,13962
913,9182
155,40002
725,4525
980,5677
156,39055
438,29617
677,46638
235,25628
588,8003
612,13357
249,13452
439,22867
501,12714
123,37683
489,19795
548,2139
535,27530
908,7594
721,14277
467,21369
381,24649
777,27658
776,25903
300,29216
604,21693
693,6448
48,6828
673,3871
923,36491
524,11168
266,8052
689,14952
862,6905
882,22436
832,9716
732,18943
743,16791
879,36390
15,557
960,40436
728,38849
21,15785
258,35395
162,1643
455,14520
621,41549
943,41483
591,34256
387,33783
805,8684
338,2205
66,32429
172,33220
994,13821
535,22574
83,23785
412,18608
15,30735
647,17261
744,49868
277,26282
888,8893
221,8970
688,38053
601,12249
408,33109
190,30016
588,1754
89,37081
817,12542
96,13011
72,19795
81,37067
546,8852
805,18725
375,22634
209,38262
335,47065
358,31040
485,41229
608,2200
681,43173
341,6772
286,44401
126,37536
305,519
640,25410
895,16244
162,13549
428,29208
76,15807
404,5837
146,46315
55,48933
789,3905
451,11289
283,5684
183,42155
410,36692
845,49015
637,12613
346,34188
506,48520
800,7268
277,10424
684,29761
604,4663
781,31625
916,16687
411,37381
19,41975
98,15465
894,38136
311,27541
491,13248
219,3662
939,20465
683,20625
269,39980
544,8552
227,18412
665,5324
420,37088
410,37647
244,45785
30,2214
502,39726
428,23655
986,7798
265,45081
413,24392
649,1434
95,33781
642,19112
563,13091
684,11654
150,14224
454,39991
564,42253
727,44875
86,36215
870,22862
280,31119
816,49949
146,2887
197,23055
811,26399
572,39494
239,33127
970,18903
68,48805
796,39009
14,27724
117,47244
543,32611
861,24526
874,14994
854,45523
110,36600
224,47431
892,44651
134,10065
716,26265
396,34465
29,33936
686,3670
766,31248
182,11146
790,38468
975,10588
281,8959
802,37005
99,48699
688,1361
810,38920
301,11298
955,30738
328,2026
271,42580
785,14487
179,2690
102,38266
569,5270
320,18308
561,47542
498,32210
628,13809
547,25743
55,28199
961,8107
563,39397
831,31405
601,18700
771,468
97,21077
950,26871
959,22253
428,9322
117,25551
191,1952
611,36578
897,34800
858,10547
875,4881
280,37616
727,49833
755,25632
122,21764
569,31875
960,7851
880,23145
410,18837
129,46992
91,1230
719,37983
125,4816
765,7120
947,36945
713,17909
958,9375
129,39801
131,45206
297,45155
703,17675
911,13565
123,24215
591,48434
655,43370
214,25219
199,40219
103,27668
212,415
608,16966
568,9802
639,48229
371,23791
863,34343
330,9462
493,33405
146,33654
586,12012
540,1714
560,7142
180,3255
155,13824
785,31961
612,36320
552,3537
695,40369
206,41260
142,44502
213,44255
433,15901
91,3976
758,49434
705,23919
634,40577
665,41882
126,25080
549,36018
256,38261
396,18080
313,33340
98,13491
313,11688
127,14032
76,12266
632,36081
717,24953
749,11611
904,5379
589,24204
166,9418
449,11288
249,16779
142,21089
688,29687
564,40695
565,2861
60,23650
729,48328
555,37334
136,3724
673,20035
69,13299
13,7645
290,24648
797,22320
768,23214
519,23414
825,29094
305,11007
711,46528
61,47901
260,10033
321,28949
63,3837
512,7035
569,27868
936,32035
508,49030
5,28319
288,46372
439,12195
885,7042
633,41585
2,44566
861,34211
734,38011
743,12291
121,12521
685,44204
477,37861
85,66
999,39065
613,1638
869,9136
443,11488
141,29447
154,36096
151,45290
119,8751
377,27062
467,14130
186,20758
227,33626
936,47576
37,22496
614,33359
881,5875
221,12341
452,36142
286,10784
993,8742
879,45703
935,1554
285,35168
707,1401
351,23130
867,32889
538,38401
997,27339
777,41714
815,35741
945,12706
574,25352
174,30036
162,27698
288,17256
812,30077
226,12950
795,7191
718,25471
413,34801
14,42010
188,33664
546,19085
229,35974
389,11825
638,13144
290,41308
139,44103
724,10089
75,32160
904,25886
702,12274
238,3515
949,33508
11,49499
933,20068
329,14670
607,29367
928,18792
271,1792
508,16900
245,6268
940,931
92,20075
634,19424
799,8668
46,27715
669,21412
940,17395
811,42092
494,9226
144,33126
678,23923
497,35850
810,7316
445,32148
942,10608
156,27234
802,23458
64,20964
441,4949
879,33992
176,41630
625,11659
830,35463
803,8930
744,8977
764,30504
587,20414
37,32217
984,4731
431,34658
772,11124
248,21911
52,11575
137,20448
125,42824
920,5040
524,29083
489,8973
825,5853
290,1114
297,3007
851,20982
175,30671
28,19663
247,5149
105,4793
755,49823
196,42728
159,17009
874,5803
347,31977
983,17967
500,16204
862,8994
209,39167
722,218
383,10113
625,33213
810,25511
213,7097
851,29327
467,27305
293,24592
594,20810
459,7198
68,12751
163,4076
320,16154
292,31949
715,35681
805,45296
501,22918
412,8564
298,44215
70,48273
231,31837
205,15726
362,36559
339,29025
204,19895
280,30616
276,32725
885,10318
422,30078
857,34812
31,19721
360,36270
986,26256
65,17759
481,35499
42,31746
584,11662
363,13774
788,46014
713,37572
286,48611
769,28856
498,11046
227,23455
799,44382
499,627
234,264
169,8728
412,41751
190,49065
888,28048
197,22521
416,42879
363,17988
243,13443
590,29191
637,33963
588,46039
10,12516
343,44244
954,597
769,49118
850,45867
197,23596
280,35760
737,26782
510,29500
874,21695
752,26108
775,38904
787,5506
462,633
896,44498
787,25167
631,38141
437,17269
871,40996
814,21316
648,29168
266,44594
374,34198
662,46802
128,32892
709,27051
688,48224
976,25857
805,25724
34,12642
507,1384
146,49152
70,22911
109,24115
756,12740
485,19355
182,43137
282,40851
63,20252
78,46813
173,23610
305,44841
358,42755
542,2633
83,4391
187,1967
490,44734
620,30392
909,39304
159,18517
610,45817
823,6527
683,74
331,37016
380,11743
613,13677
753,45568
304,47463
140,16318
919,21713
530,32137
504,39767
926,20986
750,7225
176,44563
173,30456
560,42797
973,42812
130,10644
422,41870
43,47293
618,16776
107,25418
672,35926
842,44887
830,21348
855,23750
161,10892
407,32647
528,3685
622,16237
659,19585
404,39033
812,22302
474,4117
235,39323
338,39592
271,48928
886,15501
907,28626
744,13775
896,37264
76,44933
957,44051
588,20214
531,38632
942,15245
224,47237
338,16147
458,31972
119,23023
856,7077
47,39725
621,33800
916,26130
483,24474
98,9614
89,3345
498,34376
829,12122
67,46636
38,37263
194,31814
146,5593
758,1014
414,41917
637,46127
307,38940
417,30709
147,17329
975,32719
331,9469
807,45230
210,1007
317,22015
90,38188
827,45891
878,2718
460,18796
216,7907
703,48385
798,47277
352,47433
383,29721
282,28479
914,12249
252,46286
751,5450
125,12513
701,14494
996,7370
723,2400
110,34949
237,37567
291,10621
924,6533
127,16675
486,45344
374,15008
695,2950
830,33668
315,23694
621,44940
950,33792
913,28025
167,35918
920,8770
227,47259
274,44400
880,12375
941,29871
72,31123
642,12112
764,39142
586,42894
787,42759
993,38123
915,25277
863,15182
640,14743
576,47007
783,34423
330,33969
402,7800
302,35475
310,45573
974,24330
541,38832
603,16503
936,20821
599,47561
862,11560
717,24727
399,17235
655,42735
657,17944
859,20762
763,29760
772,31220
776,36948
867,24715
155,8781
275,24000
570,29252
521,37415
231,19925
682,12185
292,31155
913,45035
893,8022
615,1499
543,47635
108,18506
248,28355
174,20708
728,25651
187,25347
583,16240
56,7055
191,34663
584,7513
775,2021
25,19558
844,5376
280,34412
752,1518
319,45821
444,38987
958,16752
792,28507
935,3708
270,25133
117,27392
184,3889
628,35273
84,12220
194,23082
159,39866
542,35259
992,35587
965,29061
467,25504
969,17251
111,3589
328,14763
217,45312
879,22168
658,6267
737,41334
877,3261
51,24980
538,2105
994,43322
521,36823
890,12022
351,45864
476,44741
243,21076
47,24333
801,41694
61,14845
588,39066
413,45028
200,30761
820,2327
479,35188
660,46450
833,27604
246,16453
297,2122
164,43267
585,25652
502,2068
413,45660
533,4820
380,8968
926,31447
3,14966
211,89
162,25517
131,38632
465,27496
309,21074
458,23387
857,22879
926,10913
774,21645
690,49396
875,43211
286,34245
604,9149
622,45441
519,916
866,11620
460,30085
9,45481
496,47637
94,1643
837,10314
974,32736
940,24505
857,20235
167,38611
181,45313
568,21093
581,32173
995,31003
955,17731
440,29267
84,48209
42,3580
826,36446
112,12110
777,7093
376,5890
63,24197
300,12504
853,15321
348,32625
199,15246
360,44490
336,35893
427,44334
229,9168
972,47441
206,35728
751,8717
994,3440
561,36648
808,4283
191,48094
710,45104
663,39919
65,12112
883,4943
197,48383
376,26540
85,916
333,30425
757,46266
718,45048
237,39611
970,48080
342,9338
229,8093
209,32929
289,10595
102,12315
494,7483
310,22185
950,6229
371,38959
424,8370
83,41488
127,40715
840,22378
733,4503
355,25216
888,19604
936,9957
366,15551
169,11535
885,8205
709,28542
451,40145
806,37853
866,3625
919,11746
129,1525
331,46958
812,18036
444,3822
407,3935
976,38918
881,36050
312,12604
531,22729
622,44059
575,27839
873,5538
120,47054
572,15361
74,7819
167,7539
211,36501
197,39992
717,10371
350,26925
643,192
563,45529
470,24548
977,35854
674,20960
47,31777
379,39758
380,9320
577,21325
318,15119
940,38621
206,2177
219,44684
648,30960
728,45709
731,41516
621,21185
109,715
376,41435
552,2454
745,47760
203,43807
599,6378
188,39168
90,31082
41,28007
564,12536
549,33830
768,25710
507,32192
413,49641
66,42984
644,18517
938,20068
962,34620
346,22471
78,11058
554,47457
714,5829
647,18937
533,40019
951,33523
526,2386
161,15277
713,44309
465,41129
6,23850
104,46582
764,44422
519,29716
729,24269
697,15256
315,39576
540,37206
994,28499
279,28600
582,12786
210,11779
876,39567
543,33766
824,39215
227,40413
882,3866
324,1982
442,47659
411,46211
686,4473
768,27340
119,18597
818,31836
932,44544
253,40207
609,41739
889,35524
40,760
502,310
233,23184
148,19261
913,39988
689,44612
517,12575
820,15648
843,44088
27,27131
457,8576
168,16522
292,43573
296,23388
408,16455
997,41176
848,45802
242,35780
844,5634
650,41332
420,49139
846,38468
634,11945
955,14630
745,9116
326,17415
568,44915
925,48578
341,27763
82,33969
596,36056
887,40742
484,17626
526,37001
537,33517
124,44643
26,29557
691,7107
762,32541
54,39235
935,34493
471,17177
192,24156
647,47460
69,41221
508,30285
624,37958
260,23620
587,20742
258,461
153,14187
671,28490
251,37174
79,3659
257,43888
859,24820
703,48199
46,23328
80,29831
540,14568
220,33584
976,24217
80,18399
838,39930
667,29876
204,27064
517,40422
131,24240
582,15137
555,34257
494,27495
104,16222
681,21778
279,26876
387,13309
543,11376
959,13303
82,22306
194,23414
277,30090
143,38560
900,14110
347,16567
325,23332
502,29558
949,2708
321,23400
359,216
102,41942
254,33525
429,28774
15,894
760,17198
764,26398
486,13022
131,21161
540,43118
894,7502
871,2681
179,19955
509,16351
495,19841
280,17280
325,22608
335,29829
405,44330
99,32483
80,24508
115,46094
810,45877
751,34968
676,73
842,44794
730,39458
152,33326
789,43771
287,32983
622,19204
814,24030
196,31985
337,29549
341,30652
311,9155
408,11169
508,43295
744,36528
945,24240
358,5668
133,27849
21,45214
900,25753
839,19233
647,8520
714,45443
447,36137
200,285
72,48803
341,37737
716,3563
455,38882
80,6102
838,21166
5,42940
931,31645
595,35868
33,46441
227,9626
683,45435
967,12213
638,21391
954,32350
447,2114
330,34985
592,48821
625,29701
429,32485
245,47939
328,20217
239,31686
423,6124
462,43658
1,48657
620,27668
420,28701
507,20670
293,48098
609,32850
982,12753
18,15787
168,45535
696,15392
922,38324
893,4968
304,277
3,46026
905,17925
687,14541
504,23057
912,18878
242,6986
128,43818
796,44341
963,42467
518,294
864,8196
433,14683
126,34551
411,13022
275,41751
350,14540
255,1672
134,30896
118,48778
272,45534
463,39707
609,28038
840,37396
41,8758
234,15836
886,434
733,38749
623,43722
112,10346
593,12068
8,23818
842,49165
41,41823
643,37644
23,24645
782,14141
983,46872
909,7422
391,24908
38,25210
222,27414
678,43731
214,11760
572,49036
721,12895
967,41187
584,16136
30,25665
937,2981
902,13346
621,10906
864,15051
574,20385
819,9766
191,19645
838,4942
11,31639
866,21071
855,45025
655,19638
155,25996
661,42687
826,9008
139,17587
443,47838
332,27257
730,20018
22,10325
924,22070
456,28806
443,34083
446,39555
788,25581
761,30943
148,42184
270,35350
593,39969
697,7526
607,25233
50,15883
662,8295
492,42522
701,45552
538,28689
391,22441
775,40672
262,27070
75,9724
434,22716
304,24746
833,28870
372,15197
320,12711
681,39883
406,27295
676,47047
252,39786
643,25272
855,3158
867,8840
124,33376
690,41460
613,17559
587,19930
496,46424
762,31561
994,30309
560,23876
26,26407
456,15655
71,15980
1,20708
790,28394
562,27198
151,41823
552,24575
30,34055
933,4254
468,27848
591,30817
576,40070
190,1356
616,12523
252,21345
341,48572
904,25127
568,37997
717,27002
457,13809
586,36949
367,27382
230,11112
597,22227
88,12950
435,27086
325,7255
882,30246
234,5706
896,49702
77,14990
371,27868
867,14581
867,28806
514,37606
675,9819
754,18694
713,45652
941,14968
543,24495
886,25457
904,15138
632,4773
999,1060
400,9528
371,21867
784,31748
676,30313
183,28269
385,10245
678,15809
990,19897
327,21212
449,33749
108,4571
659,11049
631,26208
616,46426
120,2065
576,11532
243,11956
799,44852
674,37182
480,10649
586,12269
998,338
994,26066
479,8066
651,12764
698,23802
902,3138
841,30438
544,21427
391,24360
981,49643
464,31159
19,24658
211,19493
771,1645
935,29982
409,11488
124,49064
808,34857
167,14739
705,12116
822,44598
53,21685
63,48314
711,40352
317,39143
21,23699
9,19187
997,47319
421,12557
712,9359
873,32364
162,41824
900,23743
580,698
369,13514
59,42688
393,4092
786,11862
192,48992
911,44979
711,19911
624,40739
269,18281
395,33547
146,32072
968,1534
129,18703
868,40245
485,33603
381,5187
345,22372
93,46372
72,13319
252,29079
386,20949
91,19209
402,9180
914,26347
654,49561
427,1529
738,38335
186,4805
459,28677
402,13922
603,11920
695,21301
25,28474
176,38496
841,32115
297,80
771,40978
192,1104
117,43552
444,42057
830,39910
254,35110
632,36471
579,26082
418,35013
488,17966
397,2822
421,34570
762,37666
365,20286
565,38234
935,10897
389,46963
647,28342
943,31097
798,23122
40,28071
951,17158
591,10711
996,3545
630,3720
199,9029
140,21829
121,45414
677,7450
922,5047
774,31683
59,10217
467,2259
268,49737
649,23752
286,17733
397,20928
86,30010
308,48926
162,37679
616,40227
84,28287
659,20587
536,8038
933,9469
119,47270
429,49624
668,49201
766,21362
32,43208
71,4351
438,45371
463,38421
607,34059
981,21462
708,38479
221,10105
831,14934
367,29013
965,34521
893,9289
475,38965
758,33866
924,18755
323,621
870,26016
862,1694
21,4913
805,44624
818,22478
227,39073
18,21758
451,2932
164,7071
195,40204
917,12948
188,633
171,48517
761,45062
40,47929
505,47133
948,19756
359,16968
729,11676
50,14721
492,11480
615,8632
477,32137
448,28886
651,20808
506,37717
28,2893
988,10374
585,44974
983,41346
502,4242
323,47295
511,43611
434,22907
78,32839
167,40981
632,12546
226,4048
911,33881
94,6416
282,15133
264,13872
463,26153
68,33464
316,28491
508,28682
683,33328
358,9703
280,33401
41,28260
643,27738
49,30063
14,48917
821,46012
627,12201
40,38265
856,33042
515,34395
316,404
952,6439
125,24361
92,46461
542,47394
604,25656
551,14210
402,19152
344,38472
802,14949
461,40696
465,8930
740,1616
531,26573
841,24138
300,48208
599,671
540,25986
743,4790
66,4337
623,38508
19,45617
555,18088
168,34254
491,8205
874,3414
62,45646
94,15583
952,8437
21,17221
694,41311
229,23175
313,39673
195,25599
478,3549
163,47146
955,21298
451,2198
597,37071
656,7184
231,48513
520,43835
452,14170
937,6035
49,49624
990,21780
252,23266
833,4915
571,16687
228,24291
170,35678
347,3087
191,28681
531,31023
893,3452
397,29363
319,14501
277,3610
924,19218
341,32075
971,38511
289,19276
912,4450
643,43366
843,31800
956,26032
310,32143
795,31788
491,36365
814,770
714,1622
506,10582
884,8199
24,1013
342,49528
286,6126
790,28209
230,2954
333,17371
295,49552
872,14252
828,22652
476,39590
890,38693
257,1715
421,29910
790,11023
740,19125
446,420
928,39210
94,24777
641,11259
346,2986
640,36105
241,8725
707,17584
547,11312
278,45682
703,41029
312,35896
173,30229
507,38883
446,47476
468,30101
565,41944
997,49106
824,33184
341,6095
719,5166
108,32504
227,40968
960,15283
11,33257
251,32270
863,41859
176,37081
537,28264
29,48770
740,44643
878,29403
925,16983
854,44294
770,43091
987,2281
673,21068
95,3433
571,3607
716,46962
91,30601
137,3909
669,19761
882,21307
682,1903
376,15340
806,46636
83,17536
894,48842
293,33870
635,34885
295,41680
650,2237
689,43845
76,3155
921,19143
753,31223
49,20770
415,8972
533,10907
695,14276
924,27884
307,11183
516,39129
612,34728
769,32757
973,46557
823,17241
850,41713
723,13571
341,17808
687,2294
811,44469
756,2059
645,15905
36,14767
606,8404
450,34789
12,34748
391,6591
889,27415
328,30747
325,37678
455,12301
799,36424
354,17702
481,15769
620,43865
862,39472
731,26402
568,49190
749,31985
738,24829
1,39958
290,2866
226,32258
967,30370
265,37170
619,11365
308,49940
15,46632
803,19145
890,3196
127,10696
962,4277
391,44742
998,19862
407,9292
262,29694
803,26840
293,15073
533,47522
692,2594
131,20519
26,17724
336,10062
699,45626
67,13958
555,5850
58,20211
275,11415
379,17380
304,40061
49,48952
526,30266
30,13642
250,48051
263,23579
78,178
175,27627
313,11732
233,7479
359,32203
587,32628
97,28310
139,11177
865,42644
903,29207
440,39964
878,995
402,25059
578,37898
437,25654
610,249
811,29666
183,10779
980,25650
709,18503
584,44117
791,49333
913,14112
53,37885
565,7097
182,33010
926,189
188,29885
124,14900
531,44444
878,49800
964,18857
93,48908
957,24504
737,15392
16,15885
773,31052
295,42500
969,39254
573,46683
266,45212
970,15514
668,41310
276,1637
102,29389
52,25111
629,10448
894,962
306,19115
405,39284
615,14497
750,9987
137,4150
542,6432
286,26020
361,25595
277,15616
925,26720
477,5670
549,20010
600,36288
763,44737
769,29977
415,7027
530,20146
298,9240
471,1203
481,20712
128,6144
268,42116
703,40207
616,18642
571,33521
289,41425
104,37768
974,49341
600,25666
61,2359
333,365
544,47752
621,15847
429,20906
733,19156
502,2741
546,18598
247,2133
870,11950
982,10368
843,16359
618,11931
420,26048
455,33376
953,34953
35,7310
546,18751
908,24487
511,37626
689,17124
308,32568
279,4291
832,3421
358,25301
600,44811
173,26123
314,5821
553,29365
415,17776
373,10051
134,34962
536,45696
459,7758
741,3458
724,16574
432,20719
924,13176
206,21195
401,49248
796,14525
456,28647
78,9242
556,9922
949,38817
942,5712
940,46424
985,28345
362,14869
185,5675
31,8296
481,1738
708,26070
8,20599
975,1893
960,6
695,45599
186,20176
954,11710
382,12757
364,4656
62,8316
415,24605
544,18958
16,4708
343,2667
504,2774
123,42179
429,29172
940,17912
309,41924
862,26809
363,482
902,12380
454,14239
279,38773
603,9697
477,46041
753,49665
421,5659
118,37471
759,8103
983,25536
358,48375
981,35791
388,7503
554,19345
506,41400
525,42486
430,49696
967,48736
817,46636
890,39735
897,28198
604,42435
366,8527
642,35254
933,17364
623,11242
782,47391
327,2936
546,12903
782,6217
542,31592
98,24906
305,42367
624,26638
671,6211
499,38356
409,22949
604,28178
945,48135
507,43560
858,14337
279,43442
331,10199
235,36394
361,6258
933,8378
460,31029
434,16847
258,23804
832,14670
810,32226
273,45308
267,42642
853,25302
311,37670
54,39203
60,13749
374,25556
840,17843
486,511
437,5307
935,6561
914,15398
848,6683
642,31886
241,11425
747,18601
240,18217
303,46963
606,48330
961,44833
257,16537
322,35091
739,3270
852,20852
643,8306
969,46856
939,14689
623,24491
288,17723
995,28647
284,48115
866,22002
807,36159
104,13426
920,18024
758,40404
936,17423
63,10434
336,38434
452,33802
696,22821
699,8174
123,9825
925,11300
233,37961
947,42495
544,42339
984,41798
767,8970
621,19281
413,31419
899,2239
427,11191
932,6354
764,5759
1,19355
87,21724
771,33211
463,41669
809,45143
329,35095
66,14519
245,44461
138,6384
313,11054
767,32223
262,4373
247,16238
747,27091
849,2407
454,6690
456,39253
785,29762
118,21258
479,5750
54,13849
835,17262
211,8481
391,44664
97,22585
593,16003
456,16948
948,42673
692,14737
991,41004
815,33372
529,30664
721,38151
472,16266
791,43021
190,31792
685,2934
717,24621
912,40268
890,31436
43,4633
883,23516
735,24611
753,27266
205,13375
583,40755
639,36409
641,34006
60,42425
972,36727
52,36269
207,13704
205,9364
44,45739
209,8710
386,40877
393,23543
874,45186
593,2034
878,20670
894,41557
723,9759
712,5658
435,44478
11,42089
923,16168
506,45473
758,23034
574,2899
947,38400
505,25670
411,42120
126,3290
556,39671
656,32131
261,35698
229,16565
891,41193
6,34652
602,11414
416,46185
976,38514
697,1208
303,38814
698,13626
282,3140
347,12881
980,16536
412,25641
348,41536
748,44289
399,10771
64,45301
427,38393
518,33325
126,48582
986,35695
290,16750
213,46253
159,11962
538,44578
181,20413
86,20467
277,17184
180,43973
220,38162
381,21582
598,27106
161,42566
93,1322
865,44922
119,38652
604,2047
7,32428
271,29001
295,26079
191,39350
967,43812
514,16137
570,31388
933,15254
624,43924
136,41142
71,44658
627,15941
753,43393
636,17538
613,42374
528,17669
473,35022
427,1805
455,41164
94,24872
634,11009
236,40858
848,46586
361,45656
23,16973
90,42784
632,11159
255,29052
763,45434
233,11701
125,28172
966,8879
946,12509
807,1545
799,38544
755,42674
958,33954
337,46845
462,16733
313,20104
350,33892
390,12708
469,28851
589,461
541,16972
371,25551
537,35470
231,24183
465,22257
400,7353
660,12222
389,42039
886,5238
829,324
349,26739
142,30759
893,47718
256,15630
82,47535
645,49629
953,46656
714,14666
734,42000
31,47257
559,41193
20,12186
563,36760
868,17897
32,15297
185,15121
776,33233
65,17005
337,25322
70,37665
53,42828
885,13717
463,182
678,20380
100,37708
505,5498
724,19403
906,15138
14,6980
843,40628
164,41891
590,30368
883,41528
878,1076
315,29769
74,17037
395,49354
45,34263
360,23758
715,43538
485,41166
651,7038
221,27101
413,13602
121,13975
125,49662
66,5728
387,10446
923,38545
683,16759
381,30783
577,27667
497,37810
435,8858
332,32675
347,13823
885,7793
942,42413
12,7476
923,23843
771,20887
996,42844
50,31997
132,9510
532,13513
752,5151
308,40708
758,11537
732,42100
168,22055
162,27499
442,49321
660,8493
526,22137
128,42564
625,30439
4,45133
473,30908
94,18524
788,27169
186,8201
742,24657
756,49126
415,8759
283,22384
783,38417
352,19669
242,40060
923,12195
240,31490
116,13024
516,45228
261,12928
128,16009
857,48801
810,44703
815,37864
430,41233
236,3492
217,43358
705,19694
919,1850
739,8460
979,34802
972,3126
132,47158
359,37271
988,30426
938,6715
745,13247
301,33691
43,42400
657,27717
750,29398
145,49126
522,16772
351,24579
785,7258
571,36392
702,23993
385,8773
402,20671
560,27962
638,17758
889,38842
308,16969
616,33713
300,24179
513,13807
77,4149
779,34473
61,29522
818,12076
206,11624
943,41901
780,24545
416,7703
591,11075
722,46332
110,28429
739,38921
479,49716
693,10959
225,40182
150,20364
850,25391
65,7815
20,5242
710,6762
267,173
792,43268
383,17533
438,48491
966,41286
383,17418
496,23160
797,18632
304,33332
814,26390
205,46515
41,29828
634,2026
84,27028
129,6839
913,27010
373,22679
604,11043
205,27222
284,17293
517,27349
727,49775
653,41593
647,48011
339,5885
437,47232
642,41704
672,22869
722,46304
437,17920
651,11140
54,19117
131,43165
201,26734
255,26570
478,30947
138,26000
620,32873
334,38024
915,25269
288,25157
342,23456
736,22914
816,46763
734,36430
95,19755
978,23057
461,33696
898,4982
374,37316
516,24121
166,10080
708,35546
682,24300
906,22501
219,33545
623,23666
161,3267
545,2032
182,16268
895,15915
204,23909
418,46613
621,3387
361,13737
609,1849
168,20614
60,4939
502,26005
5,12363
814,28912
718,41675
719,15795
204,3247
142,15890
757,30783
992,15764
606,44376
169,28280
657,5528
873,49926
826,14771
897,48403
442,823
514,15008
962,14908
147,25302
439,40760
890,5117
787,10803
433,17754
511,16307
135,25163
120,12682
415,9116
325,5748
201,20433
869,39284
655,45309
606,28363
713,15298
661,6843
754,14455
699,43041
790,49654
737,4426
484,19174
618,30771
553,6124
45,37348
865,37687
820,4398
664,28610
136,13303
196,43568
606,17266
42,48666
978,46589
410,18983
744,48989
714,26259
181,1011
924,40833
668,39854
458,20641
695,28990
62,6171
964,12432
194,31789
521,12839
65,26915
386,15055
649,2705
82,5236
952,21972
668,20163
323,15520
586,39142
798,1881
708,49012
181,26031
297,41007
227,14237
141,17335
213,44036
915,8469
251,17581
177,16087
139,31177
951,14349
228,10235
105,4901
599,48949
325,33436
649,34451
717,44401
824,28576
226,10988
944,7174
835,12244
265,8063
831,32151
848,18959
45,12575
452,18937
224,39023
959,13106
118,15484
324,39879
330,9129
81,29945
408,12586
664,8891
764,24617
887,280
179,43348
391,21854
801,29508
415,1727
265,19590
371,44087
200,14374
827,46593
867,16097
494,10865
636,8091
807,29045
601,9793
655,35055
109,5510
93,889
45,2262
183,46230
268,39517
635,43108
189,32126
693,39202
910,22461
127,19370
164,7581
417,47268
676,48217
959,23980
230,49065
796,41092
367,32207
238,9914
662,16952
182,15806
68,383
671,49149
567,36573
78,18557
450,14960
569,43068
252,5435
5,14994
247,46283
904,35418
904,46537
45,43040
306,31750
115,21117
290,915
885,47272
581,25033
898,35222
973,21848
116,27833
514,40018
537,10685
280,20874
962,11514
667,25099
880,44896
217,10363
88,40599
177,41312
23,20284
344,36827
231,21749
50,42563
180,28227
364,8140
939,35672
538,12789
340,42206
625,23046
424,24238
50,49956
852,47406
642,15048
676,43503
237,41937
453,17444
696,41335
929,2781
531,26123
936,6131
655,15090
234,39708
902,34245
391,24858
628,9358
735,27146
47,27050
429,20436
800,9203
471,14354
940,8801
588,23192
11,6628
107,19440
455,9013
262,29075
112,35961
605,18664
292,46585
582,13447
693,3968
607,18033
896,23003
311,10200
537,3873
949,44330
88,27036
444,14868
76,24196
413,31411
411,40533
141,15935
372,49280
888,25891
82,37828
853,47438
575,42818
853,26927
775,30521
581,38630
108,27117
405,40321
576,23740
79,15539
780,36097
749,16143
707,44172
989,9459
768,9153
708,21289
812,9038
883,15169
531,23704
190,10262
899,33769
102,38440
527,13991
663,1138
931,7434
597,16131
464,5975
941,37314
49,8660
302,40173
457,31906
671,301
44,37458
819,45389
950,24856
849,23416
972,40232
641,10965
452,2082
173,45686
475,22849
935,36847
59,34301
101,43462
887,42976
671,38545
353,40100
770,11142
213,27544
931,26631
694,1452
74,4723
254,34356
264,19432
563,39363
896,49286
534,26077
211,3957
66,23770
802,42150
480,3706
161,1011
86,7167
668,1764
819,15189
35,36524
147,27972
495,11253
286,30976
17,30181
68,14008
447,43558
925,11221
360,33069
509,41088
507,27747
912,23124
942,8564
422,28233
522,39031
714,32379
101,6702
335,18017
879,44543
985,15344
403,49882
974,9729
474,49790
670,1911
247,34873
134,17295
194,18622
49,30023
22,17614
818,39314
350,3176
144,25512
508,33453
491,46869
573,30603
425,7862
912,6602
535,44768
336,14008
562,8153
732,1999
795,5241
47,24067
119,29246
932,18544
77,9990
912,2327
427,47101
211,14190
313,7695
470,35138
300,2999
410,48312
115,3239
52,44556
625,31500
413,35613
500,23448
61,1126
815,24534
853,49763
173,7254
884,29754
856,4222
268,36282
806,43759
102,31421
290,11013
76,175
691,12905
886,41019
613,14064
18,22052
744,16125
484,20482
166,32229
429,11043
922,47768
542,8052
615,12132
700,45560
709,10180
86,4543
548,12955
292,33759
445,20027
115,2825
895,16684
390,29694
675,1169
608,23716
828,1450
436,45629
757,23761
726,18000
802,49214
122,6913
348,47036
872,34084
196,9633
869,19106
71,22215
658,47041
299,35981
738,6650
749,32638
231,33951
448,41863
353,16618
773,34199
278,8926
418,46810
568,26127
332,40615
681,38268
140,23357
777,49982
598,560
831,39006
594,11724
33,20799
405,45531
682,16951
892,10476
878,32765
462,37361
264,48618
845,15114
611,15847
425,20303
816,17416
836,20462
475,14270
148,7211
897,38409
174,13913
145,5929
190,30003
683,42401
397,12393
702,36624
229,8689
636,17788
85,25255
790,4458
294,550
874,2000
189,6164
389,35639
54,7174
447,45896
956,4436
12,19709
908,35844
409,30612
927,44872
282,5106
128,33230
766,5021
993,40989
837,9048
382,14168
293,20229
696,13877
271,13991
205,9814
541,47708
469,49059
197,165
338,12246
408,37129
109,11168
774,14680
913,26822
409,33992
327,11827
213,28978
664,17480
465,15543
208,26605
485,15702
851,37750
564,27001
976,20414
338,34442
989,43940
214,8553
794,14344
215,12118
237,231
324,8779
953,44016
564,33983
338,14656
751,41535
330,10352
741,28022
306,18654
656,42269
375,38714
75,122
296,43145
36,40963
400,46794
164,29504
189,5739
235,38232
33,18432
94,31631
558,4861
619,49894
201,38832
457,34647
159,12188
369,12143
30,1535
164,33391
535,13244
67,20232
516,26169
82,8685
246,11874
483,30104
308,5345
351,9393
508,10902
776,45477
310,30142
786,40617
159,45985
601,32894
175,17952
126,45763
482,10402
261,45028
306,9147
536,32155
978,22680
664,22182
512,46518
722,7023
671,30182
380,36732
749,32047
111,35619
963,21712
683,33792
439,42079
954,27311
606,47407
154,46013
936,27589
852,35745
271,836
723,4020
461,45472
653,4700
856,42512
871,20428
178,26854
15,48065
970,17071
739,7404
690,34641
457,24987
587,6215
997,45530
940,24026
692,16667
22,21447
322,5771
516,19177
844,3806
823,26790
935,40386
213,22977
652,37737
637,13498
795,46413
71,49663
490,11881
941,48238
145,14305
519,33981
886,33975
512,23168
594,13697
352,10915
836,23673
115,42961
747,32296
737,38439
784,8448
233,31924
499,6865
6,5518
568,41409
877,47022
123,21019
303,41641
15,35972
649,5036
275,32572
918,29443
3,40420
921,15655
297,29767
825,6172
468,24296
664,40804
845,17802
414,33337
89,8426
171,10645
988,33818
15,6027
441,5141
788,49221
466,41406
253,35931
308,27654
212,40404
669,3395
995,8233
756,37822
949,14268
92,27095
976,49149
76,29183
641,48822
411,27880
529,4045
53,29928
657,49350
38,12436
859,19316
77,26353
21,8336
618,14098
148,22749
532,11495
80,22932
521,20871
447,48952
279,43159
206,46264
498,49635
118,23
33,8153
596,15123
562,40829
639,22010
701,16513
709,15805
392,40639
831,27493
982,43276
659,5385
298,16132
849,47722
332,15495
150,7627
210,48524
618,44381
13,47662
229,48387
197,4938
909,42028
957,44161
899,16732
160,49602
338,38738
139,47226
323,2710
155,3841
167,39890
830,27718
854,36086
928,18873
370,45391
564,35479
262,49051
295,2980
901,14316
960,31719
687,247
203,14337
137,7003
853,33095
727,44957
101,9812
852,39575
851,21902
577,23769
495,25554
217,43176
340,12744
99,41325
927,23697
22,26004
822,383
201,1928
869,10059
850,23709
582,47
520,28876
59,39459
150,29458
690,33737
475,33298
779,46724
895,29679
990,9867
228,39
161,2605
972,26188
135,49357
523,35339
352,42253
205,17298
983,36985
599,651
569,2939
682,621
716,16989
938,3868
577,35956
196,44638
933,34893
421,48236
348,17965
146,3306
889,8508
929,42431
301,33978
691,48993
888,19296
914,1611
884,41095
815,49660
8,38014
678,22743
773,15727
38,14243
692,23176
354,27285
774,14565
618,37104
750,5388
966,6177
41,33978
536,7912
321,43250
641,24973
630,2800
624,31042
448,28821
984,29598
111,11394
624,12523
762,4104
252,45687
889,28856
260,18515
882,38858
732,41226
905,19688
310,30037
118,34070
128,49303
927,8872
58,44507
36,22268
423,42620
848,15535
306,8178
260,30553
771,36623
619,38942
813,31601
495,23365
330,6640
406,17145
369,23107
356,22680
280,11879
541,43159
697,23391
440,9874
783,46100
663,43395
739,5114
360,14656
837,10922
845,37680
157,30554
199,24644
686,10902
375,42753
171,39481
922,777
435,35099
136,39513
666,17190
980,48299
507,34255
477,6677
460,21617
718,34719
97,44547
340,473
557,31562
348,28533
491,46437
99,12185
486,23545
826,18716
875,43483
747,4997
216,38438
160,515
298,43135
323,44619
401,6025
330,12080
785,36696
715,47793
671,1717
33,15460
108,25134
3,5279
200,19053
199,49147
366,22547
936,10552
532,20663
309,6414
376,15460
304,7539
44,26236
272,6583
538,42347
292,34051
838,37633
453,49811
596,17523
276,21978
937,39852
286,38021
274,28205
877,39211
853,7779
711,10392
91,43410
839,46330
208,25280
382,40298
702,14991
375,24756
82,42170
217,39523
18,17955
269,9924
143,20700
903,14163
534,38397
762,5455
109,28242
931,27357
953,36655
197,26988
681,15977
843,9005
654,14772
245,8854
260,30175
373,35625
672,30563
526,44883
36,9379
162,2342
266,30717
283,32667
469,6153
758,18194
616,45063
591,5144
811,8813
306,24301
607,6788
601,27904
562,12328
214,18446
81,37679
735,10425
682,10044
961,11882
322,12962
290,40261
235,49294
30,13672
793,33367
608,38932
98,32358
998,82
871,42155
536,30502
852,32177
396,41469
191,17767
393,7444
487,32718
812,13924
107,28894
118,1493
539,19528
593,18989
404,11617
270,10913
614,4936
406,34811
898,39821
377,33743
506,4147
960,26761
69,5213
421,42906
220,49558
298,37251
68,12425
185,30763
499,19158
312,43681
731,49567
182,38780
229,14639
481,23477
166,17382
575,24652
802,28753
53,36149
685,44272
208,7686
555,27236
472,13647
143,9234
122,12484
500,26291
268,21303
698,14917
723,5605
122,20874
339,47427
623,45285
691,27032
51,14827
915,956
313,6171
818,10762
343,16696
730,41581
398,43016
817,36521
872,49313
926,49156
814,15332
532,44702
365,40440
778,48099
108,19069
572,930
823,30604
592,28622
822,24771
168,28147
745,35289
199,45147
200,14107
333,28334
6,22324
185,18661
73,4548
748,28912
296,2019
466,33299
535,26178
834,9317
337,23620
464,6635
288,4342
741,47245
377,33843
286,43373
823,47987
4,3131
416,33553
753,9341
535,18466
416,7018
374,10935
488,2763
651,24235
448,18279
932,49036
926,10055
283,14533
383,22245
167,37327
677,46913
284,24504
950,2072
817,28401
731,46055
755,480
598,14030
577,13048
953,3942
844,1551
428,19532
114,5480
208,36925
685,38611
133,32718
408,1110
10,11450
847,28314
442,9202
412,18706
430,22060
904,16853
797,28480
189,7409
458,22134
418,48159
844,49119
273,33594
527,18049
322,26399
769,32772
59,32778
681,30561
260,42639
410,831
789,29835
653,6680
751,47093
224,12287
671,30109
989,20222
30,37865
32,46876
468,25199
894,43422
748,33816
101,10123
200,43175
146,8370
422,46182
688,47273
994,47395
180,29134
856,17018
842,43218
591,21083
151,9668
95,20274
61,8180
361,46893
924,45357
320,11356
589,10255
499,49071
967,5595
610,24355
981,9138
212,32402
489,43763
279,37832
388,10396
404,13485
462,17266
976,25125
285,47372
936,1066
494,39793
654,29491
771,33352
886,19239
951,7418
778,31129
358,13349
620,16278
633,47258
987,13176
366,7428
105,21939
474,23679
190,43996
789,48416
922,10941
736,4834
463,38669
926,22468
130,32379
247,4106
306,17632
257,16745
970,30974
914,5471
356,8
258,25125
551,43469
405,40329
924,40712
572,42532
572,28542
804,29440
771,3358
207,42278
59,30168
582,45153
677,14583
853,21409
119,11559
425,16736
142,39267
786,15208
408,35927
616,17956
953,20429
16,7464
853,24906
666,19170
975,24715
842,15469
158,19119
988,17832
369,20246
245,24483
86,17148
716,37101
469,22304
127,37155
221,21244
830,14806
744,40896
911,49382
509,36869
74,13576
526,1325
838,5108
749,1389
356,17812
261,49909
16,47311
192,36480
896,48846
485,47301
979,25145
193,47658
524,46966
489,45603
755,13627
756,35296
103,26859
821,40087
557,13811
118,37858
43,42679
305,28386
609,14927
161,4829
860,48179
134,30061
806,28696
245,22894
732,9439
117,4374
315,7240
227,4115
608,27419
243,18274
673,26818
42,19093
859,47665
618,43067
362,11332
192,1413
744,32813
422,18289
890,34328
745,16385
190,36585
23,10974
998,26984
29,15873
76,47862
600,13636
860,11121
724,41896
747,38657
285,17829
880,48601
104,16356
502,8369
396,45712
593,28057
75,9133
719,9700
932,47250
609,36655
746,31091
488,47302
471,43703
59,12038
721,48481
711,49405
458,14213
540,2556
565,17747
370,4097
710,33184
44,26679
280,22792
332,28801
381,26861
374,40158
243,32211
459,42768
960,28641
373,813
434,33908
582,22116
570,48116
695,31559
995,46328
908,4605
164,19792
194,16
676,21583
655,31623
331,3749
27,27311
48,17006
539,11713
663,23962
692,16438
955,23232
224,32390
790,10505
923,15174
728,14592
882,43793
173,30383
206,27110
534,43606
17,46028
499,7742
256,14924
806,1849
653,12404
160,48449
429,7731
350,42033
544,41101
888,11032
944,44096
727,7961
966,6649
764,26781
295,19688
648,21292
741,42507
479,21848
327,20220
491,7687
714,18191
24,46397
457,5536
383,37764
186,39207
680,11003
656,8682
397,13129
168,21146
109,10741
490,44344
172,6921
292,30210
177,37829
314,47791
487,31379
995,17044
966,6924
321,48597
445,23717
165,38002
202,3977
105,11982
522,27020
272,16164
28,41900
10,11953
736,9103
972,35894
289,16067
357,2977
879,38595
680,11542
196,14329
725,42270
933,32354
286,24884
494,24733
629,3445
834,46985
5,6545
410,38660
122,45222
417,43208
482,19773
688,8606
766,31242
689,46856
9,45060
399,9676
637,8499
218,12659
505,45007
408,38489
708,44531
85,28342
985,16052
183,43864
785,36575
268,34174
416,45993
440,7718
892,6145
238,7355
127,3819
930,4091
168,8992
655,47818
555,10849
665,25142
764,27540
797,31571
48,48927
111,17564
884,15906
747,8136
988,49662
391,16369
323,28137
651,43664
141,36830
212,19974
37,31436
948,22400
549,9686
563,36397
754,14787
146,40815
615,9628
527,524
521,24791
705,15042
599,25415
245,19379
421,36163
17,38579
740,38311
109,7533
119,9753
580,47313
718,8419
996,42622
795,36785
564,33952
619,43729
898,49991
917,15077
489,43014
990,47539
490,2669
946,25135
817,7991
884,10755
836,18453
479,7469
354,30139
205,32768
267,10850
808,9140
730,10872
947,20243
285,21949
946,17943
728,17703
465,2614
271,39132
138,19757
659,13367
441,28770
183,6141
47,15065
453,45621
169,16030
781,25811
147,17734
426,22222
891,10776
72,10986
684,22194
787,29938
952,38188
27,21649
615,47326
113,17876
484,21505
348,18817
92,11026
309,8782
940,38437
565,47427
291,2649
256,33476
576,28022
319,4915
825,19646
337,18119
214,12666
522,332
435,19410
522,17396
316,33979
911,34614
979,14437
475,27383
297,41199
437,14923
420,30524
897,45570
154,5496
117,27326
641,1872
568,566
199,12233
212,44406
526,46044
358,28407
45,23711
314,28181
437,36483
254,46559
856,42530
549,36535
991,15937
829,11111
529,11498
69,25542
204,47087
827,21610
385,46273
391,37994
768,16343
9,10033
342,28658
734,16615
629,16787
764,15495
492,26217
587,30767
704,44072
472,46679
673,48885
962,3321
122,24898
559,41471
434,42826
981,29205
923,36188
98,39068
836,13204
876,14031
709,47488
626,44763
964,15182
544,8414
864,11452
339,18018
782,31472
976,21435
730,20531
905,48731
673,23033
604,29723
174,39113
750,19341
254,27920
47,47701
727,42307
407,42839
94,20996
841,48274
215,600
645,20044
991,27487
713,17950
793,8224
285,31792
823,12369
314,42794
570,49292
905,24419
824,8497
584,37354
798,29722
708,40688
998,35431
675,24712
67,48347
805,3814
94,15755
164,6520
487,28000
454,39367
511,46441
723,259
739,39225
538,47443
903,28918
423,44878
29,17634
207,39736
826,17278
727,33547
553,39179
51,2756
929,43137
219,1203
197,1733
669,9980
873,33168
178,47259
338,15509
542,31594
166,35686
654,25597
55,26194
489,30849
783,14128
97,46618
169,39198
478,34656
547,38409
200,11040
828,14271
197,5811
401,17129
539,1911
433,40357
513,40522
408,47259
955,4241
634,2201
360,6607
181,14733
973,17604
18,32336
980,35353
958,20327
246,17855
884,6255
420,312
607,12443
774,39340
163,16333
308,1105
941,19724
56,10545
725,12562
122,47300
642,212
906,6840
461,20489
281,23336
230,23705
409,41500
792,13620
486,13734
244,24671
524,18482
526,23101
200,23152
617,33006
486,21008
673,20424
765,17116
376,8532
761,34791
269,30148
554,44066
146,14540
525,10068
351,31058
86,18248
283,24740
267,7329
171,13779
35,36938
57,28453
361,41335
127,3451
911,45396
476,116
408,11573
345,26336
450,45512
3,42308
798,8832
324,48873
819,44509
633,28949
792,30304
186,21282
609,13992
556,44384
288,31577
615,5397
501,9708
822,12611
944,32023
360,16057
233,28157
31,34058
234,13871
921,12650
462,1951
527,11313
259,19937
848,19605
104,14585
672,31198
367,47967
121,20813
137,33586
840,48373
824,6570
144,15119
87,870
304,4174
860,43686
21,49018
88,27985
93,1581
695,7078
546,43057
282,9965
392,18698
959,25317
10,16992
863,46736
799,21073
22,46962
105,10780
469,27660
102,18609
715,24131
283,28935
815,24208
140,4627
712,40768
279,48114
168,47732
138,15394
931,11541
796,23647
495,2382
725,43053
678,21100
185,10545
265,20984
239,44197
376,44052
328,944
189,46379
432,15874
129,13722
296,44670
914,32394
39,35410
712,34336
885,19605
889,1258
581,7551
590,41194
617,25923
262,9961
728,14386
994,2048
794,22196
661,25603
623,11215
954,20197
876,38476
771,47873
300,10792
960,2290
940,16942
930,42446
88,20264
666,25679
146,46300
238,3417
254,19580
211,13946
536,41733
141,49666
147,7801
842,42853
571,12025
404,36775
727,28637
644,27148
25,14616
540,1724
899,15716
365,6767
447,12988
438,31894
449,39993
986,1247
642,49709
192,18296
942,4817
188,7852
699,44890
461,40541
554,28562
792,2378
600,27603
379,44807
638,7636
70,29501
707,7686
791,47990
785,23867
981,15707
172,49037
833,31965
938,41624
233,27650
678,15011
323,8112
375,11239
575,11327
937,22337
483,7406
140,27096
439,11385
456,20257
922,39536
364,40183
725,16591
846,3717
236,44808
197,29517
298,43858
878,40293
25,9125
162,13782
958,23579
346,11985
795,30890
494,38384
724,4660
347,941
8,48928
681,22965
379,10842
825,41731
151,48960
567,36532
804,44577
778,26278
854,17812
522,3766
454,24972
809,43353
853,40768
999,37773
360,41036
801,47370
580,16548
163,41748
911,40340
677,17666
389,49190
443,17542
753,9862
985,43473
328,49819
305,45419
648,24171
868,42056
250,39617
237,36127
130,41494
9,10339
269,42224
300,1631
486,2242
269,20240
196,43045
650,24014
737,10493
213,49998
878,16208
197,16074
174,48314
389,33266
981,19802
496,12871
599,36510
938,47502
983,30657
376,28685
694,18886
451,39313
228,28594
725,42682
541,24351
947,34645
566,41703
712,13956
550,4491
546,42805
178,25840
969,197
54,27990
790,19036
441,40164
606,9377
1,48482
1,9592
808,11827
936,34434
449,28743
682,6225
24,15903
553,26656
903,18409
531,42717
463,6847
660,5761
967,30031
459,31060
297,7030
152,40630
977,17373
775,14689
181,1898
60,42185
442,35333
225,46157
381,32061
403,2554
768,16079
351,44090
647,4922
380,41279
121,37456
697,28056
404,28661
721,33391
907,41196
892,11837
107,13057
648,10805
398,37889
651,21389
739,14966
589,11763
716,32431
643,25867
162,29228
389,25418
19,3256
400,8180
606,37433
735,37348
853,2000
948,9213
281,6668
705,30665
748,45796
572,36071
499,14168
177,2042
503,13747
34,43482
884,33186
117,28638
323,41296
854,12539
660,15111
908,34516
884,38772
699,44942
810,23712
444,4177
932,15975
217,323
97,21733
889,19268
700,26433
168,20514
247,36375
7,48695
267,5907
302,18723
846,20880
55,20105
33,17319
755,41251
28,42389
25,8691
56,13544
171,33801
875,42515
352,6341
682,18460
310,8303
241,19558
737,15525
415,31463
395,37067
659,19434
567,40696
95,9393
664,20292
649,12019
659,46651
511,3936
185,9452
955,34535
263,11865
413,18982
64,6293
186,3458
184,46925
78,43224
939,35917
22,41299
314,17277
806,13187
386,7493
373,4702
981,997
770,14558
152,44611
67,36311
667,47157
274,21499
213,45927
493,30770
26,7446
29,36342
958,25001
957,9629
666,25665
212,14128
321,24701
250,10913
3,38724
309,23275
764,36134
835,41256
66,12897
540,35951
716,24135
304,49315
432,5033
420,33131
515,22422
317,30083
968,23903
871,47717
443,18365
541,5272
591,33877
248,18984
618,22593
959,28039
400,1931
762,41489
679,14590
148,48352
18,77
924,49685
82,37865
249,22335
29,10418
896,41507
266,5025
166,39620
194,41628
177,40560
437,25704
683,20548
306,39261
872,1244
889,4087
23,20386
504,39858
906,376
455,4235
586,2514
191,30885
753,47398
288,4742
535,29724
69,32719
771,37357
574,30480
531,19680
684,8081
189,28954
736,31565
37,28154
479,38720
31,11055
618,19038
80,4975
149,20849
770,19653
276,30121
32,1500
237,44864
468,29691
33,42337
328,4226
123,3566
291,12413
713,32916
278,12598
341,45426
621,32439
636,47990
991,45326
819,20564
217,20631
187,20783
78,19857
939,46079
386,6630
643,20648
175,12273
299,5920
936,37541
439,35743
918,4951
495,20451
96,26030
152,5569
450,26164
123,19884
499,39519
584,28936
189,23772
908,21841
131,8089
727,25682
330,13382
287,33554
925,940
299,44178
697,46290
850,7612
518,25514
575,12642
388,7335
929,27337
790,18695
948,38567
869,48186
873,9012
273,23219
527,17093
786,7524
226,28130
78,36781
83,452
913,39683
406,28556
72,38284
604,29018
641,48127
661,26991
415,14707
822,40342
789,16993
344,48073
236,14806
84,34415
710,23177
725,40101
510,24748
787,17521
807,46879
211,25778
201,25896
16,41308
212,48960
118,17434
244,44300
624,45881
445,9734
317,40326
124,27194
253,48460
989,7860
465,26344
842,577
242,26340
101,5910
838,41602
138,36875
95,41156
69,30142
804,17671
422,1301
145,13560
951,44336
516,46523
132,36056
385,19145
479,49870
976,16678
707,3433
623,28320
415,31938
462,22968
114,33463
426,23332
250,22864
380,13995
729,5593
461,28107
813,18318
967,20074
207,39374
792,35798
369,6459
164,36555
527,33755
321,29455
27,5495
313,17116
28,45771
335,45750
867,15705
204,567
761,30243
846,31681
806,16118
632,41368
140,9807
880,38071
804,3547
277,5944
643,9081
992,38556
749,20234
576,4047
563,48209
948,32485
919,14526
365,4018
288,12974
894,13714
806,37242
591,28325
404,362
26,42464
860,48708
425,43797
349,7094
494,48241
543,28867
218,6186
534,36540
991,33653
320,23640
697,1484
963,49223
781,44073
892,43727
323,18603
879,47582
969,45171
630,49078
247,40955
476,47967
777,44097
72,18103
983,46185
398,15774
664,28755
215,17991
800,43235
339,14314
88,6234
950,44967
474,1358
781,34113
67,37126
595,38591
762,5842
801,49283
242,48852
497,26170
843,7582
379,22938
930,25881
525,6856
783,1135
474,9194
850,39763
594,34995
534,6325
593,33629
309,10716
752,39745
899,33723
314,7725
507,13842
413,35049
223,16766
608,20523
52,9173
74,37704
116,25034
634,11144
273,268
595,27768
763,782
192,6872
502,7967
627,13496
359,15566
256,28787
950,35848
252,8929
434,20087
1,30276
850,47848
152,26569
409,9027
689,4371
891,28472
612,44643
650,24144
584,14555
291,20163
20,6276
555,10829
648,28300
255,22180
556,35385
808,44651
973,16564
754,28509
373,13667
669,45009
780,29803
392,2935
513,12297
767,10013
508,19474
305,22716
316,11476
521,35431
523,37743
413,35375
453,8498
332,33928
405,48938
928,44902
904,13158
475,44699
148,21089
262,720
615,20469
831,38805
57,17821
738,49103
560,23434
640,15003
740,39968
533,20658
651,25184
618,44312
725,39461
415,2858
989,32461
457,33270
423,36197
118,33630
350,36837
372,26571
224,28966
333,39629
590,48575
72,19938
804,33440
827,48707
751,44487
341,9983
240,38377
922,25000
893,25780
977,11713
451,681
769,29505
902,11816
855,11377
303,1057
603,32631
331,35677
578,29864
886,23555
546,12651
386,35585
996,34616
706,34520
619,33167
391,12375
209,39639
199,28264
187,14493
673,47830
378,49380
58,1732
506,47975
39,15909
64,35605
404,40514
442,21342
817,1527
689,2662
107,29627
28,9495
439,34205
779,4547
799,41597
73,44103
909,2559
759,38932
187,30492
917,27653
829,17764
31,1847
197,26066
109,43890
390,8683
479,29389
959,37462
227,46835
66,30166
26,39784
165,18048
589,29059
784,41663
123,48420
662,6380
808,6639
1,4021
938,16042
90,29903
390,4709
257,49274
794,12647
191,18568
993,33899
619,38176
17,40223
303,30483
86,3649
299,8653
835,32285
859,11728
964,11586
729,5538
243,32983
718,6209
802,39578
976,29023
82,39043
955,28654
990,48596
803,28421
5,24639
551,21281
505,29345
102,4102
128,39059
669,49001
787,12124
727,43936
426,40065
358,1276
19,5882
932,13359
536,37887
872,38345
260,12615
277,33205
358,42971
130,40811
78,26225
922,34109
913,37511
679,44112
339,16725
433,5893
465,26437
817,31701
156,34691
803,42448
281,41014
419,48925
770,23974
5,23325
495,43538
724,40593
559,8595
941,20754
455,42148
122,49866
789,7861
921,12749
927,12307
321,23413
575,18513
454,16734
181,30355
252,5700
868,38482
364,48415
452,21906
58,15549
91,33285
180,41682
276,23123
187,36631
852,22171
62,45776
655,36993
10,31630
575,3032
80,5328
950,49148
862,11925
453,29339
340,46804
107,37905
268,33755
994,26090
327,42322
770,28291
974,45423
229,31018
463,24993
982,2704
196,28635
38,14173
530,24032
799,18096
111,31450
875,33632
870,3746
967,29772
835,2455
327,23859
224,32932
714,4962
852,595
666,43713
971,28162
660,7996
122,9561
107,10050
904,47263
146,36552
112,41657
775,47644
544,41500
328,30113
182,17117
930,9483
417,35571
891,47367
89,26867
913,46623
615,16602
300,27771
620,11791
731,21646
987,38386
208,28429
524,15586
133,562
295,44037
257,29162
281,40543
80,2566
601,15785
972,2056
844,1674
530,25219
860,27003
838,3894
760,24196
204,4200
979,33843
214,21898
477,141
24,38591
953,5526
161,41738
538,42774
534,40484
663,8287
833,35063
323,48867
944,3917
309,32123
379,19886
993,367
83,4327
233,37156
351,13774
31,49044
844,46667
670,36903
228,15616
830,2095
177,5667
381,28786
7,39595
57,3751
930,39669
683,13972
225,48818
533,18266
463,44050
81,13122
663,11240
789,8185
298,21244
382,4911
412,34705
95,43317
117,29825
437,22704
798,20141
350,47859
748,10227
988,13981
547,31488
540,39145
388,12965
275,42900
341,38689
628,21607
995,31379
165,726
536,44991
568,14779
425,45440
164,38787
805,16780
817,15974
35,37087
56,48153
105,36274
266,24462
572,49193
173,45921
617,10952
774,48803
504,20483
572,28548
648,1898
638,49516
634,21325
54,46684
509,35867
568,47652
884,49135
801,32713
976,44871
974,29328
918,46957
321,24424
144,34448
296,31662
353,19145
889,32263
331,9319
935,43138
163,48024
830,18102
144,22052
591,30611
177,40537
604,39954
702,2259
749,12491
913,37792
242,15322
862,43761
786,49051
262,35180
56,6946
132,34256
44,42747
757,30708
423,2877
448,20769
996,21123
361,24706
11,21588
473,19595
681,26591
193,19746
151,13620
792,9132
289,15417
153,46555
236,30023
802,36706
331,29138
602,29776
991,3627
333,2584
430,33396
344,22704
228,41976
125,42481
903,9118
972,30233
403,40759
478,37109
887,43270
472,22508
763,19369
375,23151
923,24796
157,2053
494,14454
153,39937
487,3408
567,31507
263,2219
543,19128
991,43400
994,38158
9,39343
657,17414
441,29158
456,14268
360,36089
820,34270
200,2415
141,18569
946,6500
127,15266
977,12699
802,14991
333,32558
120,44636
806,27967
551,10116
169,24484
971,15232
294,8382
10,25877
829,25343
498,31737
771,23298
436,48249
213,42288
570,32073
904,17584
247,4322
99,5925
864,35938
14,12918
412,48805
837,3984
883,8294
285,15962
281,10441
280,46311
763,49386
949,47702
815,42533
685,6971
468,43758
670,17657
339,31706
663,10176
834,38301
267,41652
182,42596
584,39838
20,38706
793,10957
987,36395
773,38164
616,16505
888,13352
127,14958
472,7308
799,6712
920,30165
831,38859
931,46775
378,15641
658,14512
48,26445
761,23649
367,46813
625,41034
488,1863
185,45218
134,4243
178,16345
67,49434
670,15202
514,18197
947,64
521,953
278,21193
993,23830
550,23469
656,13559
65,23019
773,27657
44,4781
690,24752
598,16297
639,29716
712,11849
800,27707
781,29119
981,6443
205,46796
358,809
919,12113
356,22605
126,20734
191,48845
510,46440
941,39751
933,46408
335,42288
258,21772
375,13597
897,28735
277,17962
894,10903
906,47700
268,25075
720,45326
343,34238
922,34833
847,7947
546,19313
608,28223
631,12586
364,23250
323,428
528,32472
426,15541
295,21100
862,13076
503,20047
393,3730
769,33867
741,19140
185,6223
35,11723
712,35046
988,16373
254,5633
550,34842
722,18524
609,11130
22,2336
87,47631
587,18627
89,41061
364,47248
738,43927
374,43785
545,11476
8,46731
479,44750
239,19362
749,6693
383,40104
582,46938
389,27483
635,37191
110,46987
243,33263
720,15611
574,22690
735,8094
928,42412
793,327
93,28300
353,48513
797,17778
818,2791
292,17694
368,79
666,27045
908,34744
7,40655
678,31592
508,14128
432,10672
292,29002
302,36957
117,1858
741,33735
753,29044
72,6714
564,19828
159,33027
858,19387
585,8758
687,1390
978,19791
927,4983
902,32557
564,7735
244,17661
140,43763
320,41621
158,174
949,1563
448,1787
983,38140
673,32167
161,35979
212,6110
315,24263
296,46123
328,6822
773,46846
737,18195
999,49492
895,47921
482,16112
221,27413
127,25416
814,42619
18,21267
346,45791
983,43121
138,8341
549,1719
758,19494
246,48492
211,41378
986,42234
438,22618
791,21913
552,5149
843,25372
310,37076
936,37000
864,23733
649,42475
526,19798
588,4531
916,18756
760,45064
936,3156
260,5771
523,38665
3,33149
533,3619
64,100
613,3052
973,29135
290,9123
808,43765
768,15704
501,47278
833,24998
589,1381
550,45425
914,37617
4,7956
754,40852
324,18410
871,27675
451,10788
462,7928
157,23705
593,24840
490,39514
187,11446
905,22238
842,18338
145,22350
553,19989
533,37522
229,48591
559,13662
713,29596
627,32988
702,27435
195,23213
942,8997
811,27097
543,18636
84,23731
353,10216
737,13070
466,40479
886,34635
930,23616
831,24001
502,49805
497,40694
613,16766
779,14113
771,46504
979,15969
638,41653
264,37927
972,43489
289,9799
231,42181
271,47758
402,41216
854,15614
628,22810
103,2495
51,23258
867,38042
887,47356
136,7420
936,24325
630,42481
583,3235
131,16908
152,23091
210,11087
743,35681
78,15200
970,11041
156,13209
948,4120
114,42027
215,7878
459,35641
121,47484
180,21239
494,46559
810,26375
302,19023
760,49969
439,47661
880,26277
624,40029
221,42565
636,655
172,18490
734,36931
443,25007
792,29344
747,29611
885,13506
617,261
62,16549
993,16801
248,41686
229,11997
828,41510
557,3713
953,36456
708,14614
229,17480
376,1728
528,15454
376,15207
825,863
894,7054
904,17101
772,26702
1,31092
999,41269
125,45253
970,33217
194,6847
859,26628
935,9361
742,21390
674,6010
295,13212
297,23746
203,31701
852,11734
751,7934
604,23260
277,3006
156,34991
16,10320
13,9063
592,43661
654,7207
955,35500
438,8803
786,34523
309,44694
394,25023
666,21725
745,15496
965,8341
247,13972
669,25406
546,42145
517,49311
419,28078
622,19789
91,33909
729,13409
566,16456
15,8943
197,25410
586,29399
965,22258
694,47188
169,20070
506,40238
355,35570
129,10683
931,41840
185,29644
664,39137
195,11868
38,38804
450,48302
909,20421
932,46441
233,12688
297,21573
362,29649
863,42484
603,15080
184,746
455,37019
992,47782
927,7264
206,2795
268,28356
151,12410
596,31301
664,46790
802,8699
716,6710
814,38982
433,31746
991,3054
63,20203
418,14190
805,42654
743,35254
791,23131
600,21132
810,31763
214,14460
35,17840
275,35908
201,36203
780,3082
600,49035
721,10308
126,37317
210,47261
978,20798
110,41587
308,2968
531,31322
274,12197
272,25304
285,26569
551,38369
163,1911
635,35969
887,5703
973,20208
759,42184
900,23281
392,39869
432,48608
726,21770
853,38660
725,42254
281,18725
407,33944
854,41200
805,16924
616,12108
358,19258
800,41643
797,15969
28,48584
707,536
361,40778
506,35955
942,33581
146,38874
346,19487
763,26342
255,38298
112,31135
510,27508
418,28556
372,9888
779,8562
967,29159
443,40512
621,3164
401,30639
286,26484
343,47112
909,17575
629,26917
907,44360
571,45322
858,11518
243,26836
391,31967
581,25557
694,3565
572,10288
239,5536
588,16436
406,16686
425,13741
296,34018
896,22643
89,11575
360,28643
133,49222
121,11193
958,27175
207,43088
93,43950
970,21351
359,16606
743,19455
832,9519
935,41222
965,1413
325,32784
181,34276
362,10624
409,16834
44,30791
498,22186
38,33532
963,31228
749,20704
334,24434
319,44486
571,41642
741,24214
635,15994
814,22948
698,19473
428,44718
254,11172
828,28651
524,24380
244,16946
1020,10000
1020,999
