"p_playlistid","p_playlistname","p_author_userid","p_timecreated"
1,"playlistName1",2908,"2025-03-21 11:05:01.483558"
2,"playlistName2",1494,"2025-03-21 11:05:01.483558"
3,"playlistName3",5134,"2025-03-21 11:05:01.483558"
4,"playlistName4",6569,"2025-03-21 11:05:01.483558"
5,"playlistName5",3823,"2025-03-21 11:05:01.483558"
6,"playlistName6",7166,"2025-03-21 11:05:01.483558"
7,"playlistName7",9161,"2025-03-21 11:05:01.483558"
8,"playlistName8",9560,"2025-03-21 11:05:01.483558"
9,"playlistName9",2100,"2025-03-21 11:05:01.483558"
10,"playlistName10",3389,"2025-03-21 11:05:01.483558"
11,"playlistName11",7174,"2025-03-21 11:05:01.483558"
12,"playlistName12",8870,"2025-03-21 11:05:01.483558"
13,"playlistName13",1484,"2025-03-21 11:05:01.483558"
14,"playlistName14",2264,"2025-03-21 11:05:01.483558"
15,"playlistName15",1848,"2025-03-21 11:05:01.483558"
16,"playlistName16",6351,"2025-03-21 11:05:01.483558"
17,"playlistName17",4992,"2025-03-21 11:05:01.483558"
18,"playlistName18",8444,"2025-03-21 11:05:01.483558"
19,"playlistName19",7100,"2025-03-21 11:05:01.483558"
20,"playlistName20",3840,"2025-03-21 11:05:01.483558"
21,"playlistName21",4588,"2025-03-21 11:05:01.483558"
22,"playlistName22",1147,"2025-03-21 11:05:01.483558"
23,"playlistName23",3414,"2025-03-21 11:05:01.483558"
24,"playlistName24",2848,"2025-03-21 11:05:01.483558"
25,"playlistName25",3274,"2025-03-21 11:05:01.483558"
26,"playlistName26",9905,"2025-03-21 11:05:01.483558"
27,"playlistName27",8597,"2025-03-21 11:05:01.483558"
28,"playlistName28",6934,"2025-03-21 11:05:01.483558"
29,"playlistName29",3420,"2025-03-21 11:05:01.483558"
30,"playlistName30",8349,"2025-03-21 11:05:01.483558"
31,"playlistName31",6641,"2025-03-21 11:05:01.483558"
32,"playlistName32",5465,"2025-03-21 11:05:01.483558"
33,"playlistName33",4832,"2025-03-21 11:05:01.483558"
34,"playlistName34",5439,"2025-03-21 11:05:01.483558"
35,"playlistName35",3409,"2025-03-21 11:05:01.483558"
36,"playlistName36",3617,"2025-03-21 11:05:01.483558"
37,"playlistName37",1096,"2025-03-21 11:05:01.483558"
38,"playlistName38",4592,"2025-03-21 11:05:01.483558"
39,"playlistName39",523,"2025-03-21 11:05:01.483558"
40,"playlistName40",9218,"2025-03-21 11:05:01.483558"
41,"playlistName41",8203,"2025-03-21 11:05:01.483558"
42,"playlistName42",2949,"2025-03-21 11:05:01.483558"
43,"playlistName43",3347,"2025-03-21 11:05:01.483558"
44,"playlistName44",826,"2025-03-21 11:05:01.483558"
45,"playlistName45",9504,"2025-03-21 11:05:01.483558"
46,"playlistName46",2185,"2025-03-21 11:05:01.483558"
47,"playlistName47",9596,"2025-03-21 11:05:01.483558"
48,"playlistName48",4243,"2025-03-21 11:05:01.483558"
49,"playlistName49",7816,"2025-03-21 11:05:01.483558"
50,"playlistName50",7240,"2025-03-21 11:05:01.483558"
51,"playlistName51",1676,"2025-03-21 11:05:01.483558"
52,"playlistName52",9995,"2025-03-21 11:05:01.483558"
53,"playlistName53",5168,"2025-03-21 11:05:01.483558"
54,"playlistName54",8562,"2025-03-21 11:05:01.483558"
55,"playlistName55",5903,"2025-03-21 11:05:01.483558"
56,"playlistName56",761,"2025-03-21 11:05:01.483558"
57,"playlistName57",9934,"2025-03-21 11:05:01.483558"
58,"playlistName58",7058,"2025-03-21 11:05:01.483558"
59,"playlistName59",8782,"2025-03-21 11:05:01.483558"
60,"playlistName60",3235,"2025-03-21 11:05:01.483558"
61,"playlistName61",167,"2025-03-21 11:05:01.483558"
62,"playlistName62",8701,"2025-03-21 11:05:01.483558"
63,"playlistName63",9299,"2025-03-21 11:05:01.483558"
64,"playlistName64",519,"2025-03-21 11:05:01.483558"
65,"playlistName65",6246,"2025-03-21 11:05:01.483558"
66,"playlistName66",6477,"2025-03-21 11:05:01.483558"
67,"playlistName67",7981,"2025-03-21 11:05:01.483558"
68,"playlistName68",8867,"2025-03-21 11:05:01.483558"
69,"playlistName69",1216,"2025-03-21 11:05:01.483558"
70,"playlistName70",8776,"2025-03-21 11:05:01.483558"
71,"playlistName71",3708,"2025-03-21 11:05:01.483558"
72,"playlistName72",8146,"2025-03-21 11:05:01.483558"
73,"playlistName73",6776,"2025-03-21 11:05:01.483558"
74,"playlistName74",7438,"2025-03-21 11:05:01.483558"
75,"playlistName75",9152,"2025-03-21 11:05:01.483558"
76,"playlistName76",5174,"2025-03-21 11:05:01.483558"
77,"playlistName77",1534,"2025-03-21 11:05:01.483558"
78,"playlistName78",4227,"2025-03-21 11:05:01.483558"
79,"playlistName79",8707,"2025-03-21 11:05:01.483558"
80,"playlistName80",7608,"2025-03-21 11:05:01.483558"
81,"playlistName81",2737,"2025-03-21 11:05:01.483558"
82,"playlistName82",9223,"2025-03-21 11:05:01.483558"
83,"playlistName83",4736,"2025-03-21 11:05:01.483558"
84,"playlistName84",3745,"2025-03-21 11:05:01.483558"
85,"playlistName85",8728,"2025-03-21 11:05:01.483558"
86,"playlistName86",9760,"2025-03-21 11:05:01.483558"
87,"playlistName87",8360,"2025-03-21 11:05:01.483558"
88,"playlistName88",4463,"2025-03-21 11:05:01.483558"
89,"playlistName89",9910,"2025-03-21 11:05:01.483558"
90,"playlistName90",530,"2025-03-21 11:05:01.483558"
91,"playlistName91",998,"2025-03-21 11:05:01.483558"
92,"playlistName92",1816,"2025-03-21 11:05:01.483558"
93,"playlistName93",1973,"2025-03-21 11:05:01.483558"
94,"playlistName94",2623,"2025-03-21 11:05:01.483558"
95,"playlistName95",918,"2025-03-21 11:05:01.483558"
96,"playlistName96",1873,"2025-03-21 11:05:01.483558"
97,"playlistName97",6695,"2025-03-21 11:05:01.483558"
98,"playlistName98",2600,"2025-03-21 11:05:01.483558"
99,"playlistName99",2383,"2025-03-21 11:05:01.483558"
100,"playlistName100",924,"2025-03-21 11:05:01.483558"
101,"playlistName101",7531,"2025-03-21 11:05:01.483558"
102,"playlistName102",8221,"2025-03-21 11:05:01.483558"
103,"playlistName103",7637,"2025-03-21 11:05:01.483558"
104,"playlistName104",1696,"2025-03-21 11:05:01.483558"
105,"playlistName105",6267,"2025-03-21 11:05:01.483558"
106,"playlistName106",3172,"2025-03-21 11:05:01.483558"
107,"playlistName107",9920,"2025-03-21 11:05:01.483558"
108,"playlistName108",4633,"2025-03-21 11:05:01.483558"
109,"playlistName109",8382,"2025-03-21 11:05:01.483558"
110,"playlistName110",5117,"2025-03-21 11:05:01.483558"
111,"playlistName111",5099,"2025-03-21 11:05:01.483558"
112,"playlistName112",8394,"2025-03-21 11:05:01.483558"
113,"playlistName113",5061,"2025-03-21 11:05:01.483558"
114,"playlistName114",5490,"2025-03-21 11:05:01.483558"
115,"playlistName115",5193,"2025-03-21 11:05:01.483558"
116,"playlistName116",4515,"2025-03-21 11:05:01.483558"
117,"playlistName117",7800,"2025-03-21 11:05:01.483558"
118,"playlistName118",4278,"2025-03-21 11:05:01.483558"
119,"playlistName119",7540,"2025-03-21 11:05:01.483558"
120,"playlistName120",4673,"2025-03-21 11:05:01.483558"
121,"playlistName121",2230,"2025-03-21 11:05:01.483558"
122,"playlistName122",7792,"2025-03-21 11:05:01.483558"
123,"playlistName123",726,"2025-03-21 11:05:01.483558"
124,"playlistName124",5052,"2025-03-21 11:05:01.483558"
125,"playlistName125",9876,"2025-03-21 11:05:01.483558"
126,"playlistName126",622,"2025-03-21 11:05:01.483558"
127,"playlistName127",7681,"2025-03-21 11:05:01.483558"
128,"playlistName128",8375,"2025-03-21 11:05:01.483558"
129,"playlistName129",8803,"2025-03-21 11:05:01.483558"
130,"playlistName130",6679,"2025-03-21 11:05:01.483558"
131,"playlistName131",713,"2025-03-21 11:05:01.483558"
132,"playlistName132",3535,"2025-03-21 11:05:01.483558"
133,"playlistName133",7971,"2025-03-21 11:05:01.483558"
134,"playlistName134",3539,"2025-03-21 11:05:01.483558"
135,"playlistName135",6357,"2025-03-21 11:05:01.483558"
136,"playlistName136",7227,"2025-03-21 11:05:01.483558"
137,"playlistName137",4743,"2025-03-21 11:05:01.483558"
138,"playlistName138",2748,"2025-03-21 11:05:01.483558"
139,"playlistName139",9906,"2025-03-21 11:05:01.483558"
140,"playlistName140",5407,"2025-03-21 11:05:01.483558"
141,"playlistName141",4688,"2025-03-21 11:05:01.483558"
142,"playlistName142",220,"2025-03-21 11:05:01.483558"
143,"playlistName143",2595,"2025-03-21 11:05:01.483558"
144,"playlistName144",3947,"2025-03-21 11:05:01.483558"
145,"playlistName145",1748,"2025-03-21 11:05:01.483558"
146,"playlistName146",5179,"2025-03-21 11:05:01.483558"
147,"playlistName147",1276,"2025-03-21 11:05:01.483558"
148,"playlistName148",6774,"2025-03-21 11:05:01.483558"
149,"playlistName149",6869,"2025-03-21 11:05:01.483558"
150,"playlistName150",9767,"2025-03-21 11:05:01.483558"
151,"playlistName151",1157,"2025-03-21 11:05:01.483558"
152,"playlistName152",6690,"2025-03-21 11:05:01.483558"
153,"playlistName153",4126,"2025-03-21 11:05:01.483558"
154,"playlistName154",8837,"2025-03-21 11:05:01.483558"
155,"playlistName155",4685,"2025-03-21 11:05:01.483558"
156,"playlistName156",7947,"2025-03-21 11:05:01.483558"
157,"playlistName157",6074,"2025-03-21 11:05:01.483558"
158,"playlistName158",5009,"2025-03-21 11:05:01.483558"
159,"playlistName159",1277,"2025-03-21 11:05:01.483558"
160,"playlistName160",4996,"2025-03-21 11:05:01.483558"
161,"playlistName161",9636,"2025-03-21 11:05:01.483558"
162,"playlistName162",4838,"2025-03-21 11:05:01.483558"
163,"playlistName163",9680,"2025-03-21 11:05:01.483558"
164,"playlistName164",9531,"2025-03-21 11:05:01.483558"
165,"playlistName165",142,"2025-03-21 11:05:01.483558"
166,"playlistName166",848,"2025-03-21 11:05:01.483558"
167,"playlistName167",6039,"2025-03-21 11:05:01.483558"
168,"playlistName168",9446,"2025-03-21 11:05:01.483558"
169,"playlistName169",3547,"2025-03-21 11:05:01.483558"
170,"playlistName170",577,"2025-03-21 11:05:01.483558"
171,"playlistName171",1657,"2025-03-21 11:05:01.483558"
172,"playlistName172",2347,"2025-03-21 11:05:01.483558"
173,"playlistName173",5367,"2025-03-21 11:05:01.483558"
174,"playlistName174",446,"2025-03-21 11:05:01.483558"
175,"playlistName175",6970,"2025-03-21 11:05:01.483558"
176,"playlistName176",3806,"2025-03-21 11:05:01.483558"
177,"playlistName177",3812,"2025-03-21 11:05:01.483558"
178,"playlistName178",7681,"2025-03-21 11:05:01.483558"
179,"playlistName179",2253,"2025-03-21 11:05:01.483558"
180,"playlistName180",1968,"2025-03-21 11:05:01.483558"
181,"playlistName181",3502,"2025-03-21 11:05:01.483558"
182,"playlistName182",5401,"2025-03-21 11:05:01.483558"
183,"playlistName183",3230,"2025-03-21 11:05:01.483558"
184,"playlistName184",1353,"2025-03-21 11:05:01.483558"
185,"playlistName185",4074,"2025-03-21 11:05:01.483558"
186,"playlistName186",2920,"2025-03-21 11:05:01.483558"
187,"playlistName187",6051,"2025-03-21 11:05:01.483558"
188,"playlistName188",1373,"2025-03-21 11:05:01.483558"
189,"playlistName189",997,"2025-03-21 11:05:01.483558"
190,"playlistName190",405,"2025-03-21 11:05:01.483558"
191,"playlistName191",5597,"2025-03-21 11:05:01.483558"
192,"playlistName192",1833,"2025-03-21 11:05:01.483558"
193,"playlistName193",5017,"2025-03-21 11:05:01.483558"
194,"playlistName194",1250,"2025-03-21 11:05:01.483558"
195,"playlistName195",4342,"2025-03-21 11:05:01.483558"
196,"playlistName196",4449,"2025-03-21 11:05:01.483558"
197,"playlistName197",9821,"2025-03-21 11:05:01.483558"
198,"playlistName198",2075,"2025-03-21 11:05:01.483558"
199,"playlistName199",3588,"2025-03-21 11:05:01.483558"
200,"playlistName200",7917,"2025-03-21 11:05:01.483558"
201,"playlistName201",2061,"2025-03-21 11:05:01.483558"
202,"playlistName202",1807,"2025-03-21 11:05:01.483558"
203,"playlistName203",1421,"2025-03-21 11:05:01.483558"
204,"playlistName204",2729,"2025-03-21 11:05:01.483558"
205,"playlistName205",3548,"2025-03-21 11:05:01.483558"
206,"playlistName206",8066,"2025-03-21 11:05:01.483558"
207,"playlistName207",3427,"2025-03-21 11:05:01.483558"
208,"playlistName208",9617,"2025-03-21 11:05:01.483558"
209,"playlistName209",7639,"2025-03-21 11:05:01.483558"
210,"playlistName210",7950,"2025-03-21 11:05:01.483558"
211,"playlistName211",9225,"2025-03-21 11:05:01.483558"
212,"playlistName212",391,"2025-03-21 11:05:01.483558"
213,"playlistName213",6608,"2025-03-21 11:05:01.483558"
214,"playlistName214",2469,"2025-03-21 11:05:01.483558"
215,"playlistName215",5121,"2025-03-21 11:05:01.483558"
216,"playlistName216",4487,"2025-03-21 11:05:01.483558"
217,"playlistName217",4896,"2025-03-21 11:05:01.483558"
218,"playlistName218",7161,"2025-03-21 11:05:01.483558"
219,"playlistName219",2095,"2025-03-21 11:05:01.483558"
220,"playlistName220",2122,"2025-03-21 11:05:01.483558"
221,"playlistName221",1219,"2025-03-21 11:05:01.483558"
222,"playlistName222",9612,"2025-03-21 11:05:01.483558"
223,"playlistName223",3471,"2025-03-21 11:05:01.483558"
224,"playlistName224",8599,"2025-03-21 11:05:01.483558"
225,"playlistName225",1425,"2025-03-21 11:05:01.483558"
226,"playlistName226",8924,"2025-03-21 11:05:01.483558"
227,"playlistName227",1612,"2025-03-21 11:05:01.483558"
228,"playlistName228",6792,"2025-03-21 11:05:01.483558"
229,"playlistName229",5015,"2025-03-21 11:05:01.483558"
230,"playlistName230",5769,"2025-03-21 11:05:01.483558"
231,"playlistName231",6993,"2025-03-21 11:05:01.483558"
232,"playlistName232",149,"2025-03-21 11:05:01.483558"
233,"playlistName233",9760,"2025-03-21 11:05:01.483558"
234,"playlistName234",5428,"2025-03-21 11:05:01.483558"
235,"playlistName235",8171,"2025-03-21 11:05:01.483558"
236,"playlistName236",2228,"2025-03-21 11:05:01.483558"
237,"playlistName237",3733,"2025-03-21 11:05:01.483558"
238,"playlistName238",104,"2025-03-21 11:05:01.483558"
239,"playlistName239",3398,"2025-03-21 11:05:01.483558"
240,"playlistName240",7425,"2025-03-21 11:05:01.483558"
241,"playlistName241",6491,"2025-03-21 11:05:01.483558"
242,"playlistName242",7294,"2025-03-21 11:05:01.483558"
243,"playlistName243",7610,"2025-03-21 11:05:01.483558"
244,"playlistName244",3821,"2025-03-21 11:05:01.483558"
245,"playlistName245",5374,"2025-03-21 11:05:01.483558"
246,"playlistName246",835,"2025-03-21 11:05:01.483558"
247,"playlistName247",2761,"2025-03-21 11:05:01.483558"
248,"playlistName248",8947,"2025-03-21 11:05:01.483558"
249,"playlistName249",462,"2025-03-21 11:05:01.483558"
250,"playlistName250",8798,"2025-03-21 11:05:01.483558"
251,"playlistName251",6457,"2025-03-21 11:05:01.483558"
252,"playlistName252",6635,"2025-03-21 11:05:01.483558"
253,"playlistName253",829,"2025-03-21 11:05:01.483558"
254,"playlistName254",865,"2025-03-21 11:05:01.483558"
255,"playlistName255",5110,"2025-03-21 11:05:01.483558"
256,"playlistName256",2569,"2025-03-21 11:05:01.483558"
257,"playlistName257",1602,"2025-03-21 11:05:01.483558"
258,"playlistName258",8399,"2025-03-21 11:05:01.483558"
259,"playlistName259",4739,"2025-03-21 11:05:01.483558"
260,"playlistName260",1934,"2025-03-21 11:05:01.483558"
261,"playlistName261",6552,"2025-03-21 11:05:01.483558"
262,"playlistName262",9515,"2025-03-21 11:05:01.483558"
263,"playlistName263",8954,"2025-03-21 11:05:01.483558"
264,"playlistName264",7152,"2025-03-21 11:05:01.483558"
265,"playlistName265",338,"2025-03-21 11:05:01.483558"
266,"playlistName266",7230,"2025-03-21 11:05:01.483558"
267,"playlistName267",7934,"2025-03-21 11:05:01.483558"
268,"playlistName268",4155,"2025-03-21 11:05:01.483558"
269,"playlistName269",162,"2025-03-21 11:05:01.483558"
270,"playlistName270",8465,"2025-03-21 11:05:01.483558"
271,"playlistName271",6320,"2025-03-21 11:05:01.483558"
272,"playlistName272",6649,"2025-03-21 11:05:01.483558"
273,"playlistName273",2204,"2025-03-21 11:05:01.483558"
274,"playlistName274",619,"2025-03-21 11:05:01.483558"
275,"playlistName275",1010,"2025-03-21 11:05:01.483558"
276,"playlistName276",8261,"2025-03-21 11:05:01.483558"
277,"playlistName277",6280,"2025-03-21 11:05:01.483558"
278,"playlistName278",1485,"2025-03-21 11:05:01.483558"
279,"playlistName279",9803,"2025-03-21 11:05:01.483558"
280,"playlistName280",8032,"2025-03-21 11:05:01.483558"
281,"playlistName281",3344,"2025-03-21 11:05:01.483558"
282,"playlistName282",5623,"2025-03-21 11:05:01.483558"
283,"playlistName283",400,"2025-03-21 11:05:01.483558"
284,"playlistName284",9860,"2025-03-21 11:05:01.483558"
285,"playlistName285",5272,"2025-03-21 11:05:01.483558"
286,"playlistName286",3276,"2025-03-21 11:05:01.483558"
287,"playlistName287",7715,"2025-03-21 11:05:01.483558"
288,"playlistName288",5119,"2025-03-21 11:05:01.483558"
289,"playlistName289",6438,"2025-03-21 11:05:01.483558"
290,"playlistName290",7159,"2025-03-21 11:05:01.483558"
291,"playlistName291",3022,"2025-03-21 11:05:01.483558"
292,"playlistName292",833,"2025-03-21 11:05:01.483558"
293,"playlistName293",2685,"2025-03-21 11:05:01.483558"
294,"playlistName294",4694,"2025-03-21 11:05:01.483558"
295,"playlistName295",5859,"2025-03-21 11:05:01.483558"
296,"playlistName296",2688,"2025-03-21 11:05:01.483558"
297,"playlistName297",400,"2025-03-21 11:05:01.483558"
298,"playlistName298",1827,"2025-03-21 11:05:01.483558"
299,"playlistName299",7579,"2025-03-21 11:05:01.483558"
300,"playlistName300",5967,"2025-03-21 11:05:01.483558"
301,"playlistName301",3605,"2025-03-21 11:05:01.483558"
302,"playlistName302",5355,"2025-03-21 11:05:01.483558"
303,"playlistName303",1091,"2025-03-21 11:05:01.483558"
304,"playlistName304",343,"2025-03-21 11:05:01.483558"
305,"playlistName305",6487,"2025-03-21 11:05:01.483558"
306,"playlistName306",2419,"2025-03-21 11:05:01.483558"
307,"playlistName307",3851,"2025-03-21 11:05:01.483558"
308,"playlistName308",3129,"2025-03-21 11:05:01.483558"
309,"playlistName309",6279,"2025-03-21 11:05:01.483558"
310,"playlistName310",9312,"2025-03-21 11:05:01.483558"
311,"playlistName311",7206,"2025-03-21 11:05:01.483558"
312,"playlistName312",3102,"2025-03-21 11:05:01.483558"
313,"playlistName313",3829,"2025-03-21 11:05:01.483558"
314,"playlistName314",439,"2025-03-21 11:05:01.483558"
315,"playlistName315",4281,"2025-03-21 11:05:01.483558"
316,"playlistName316",8266,"2025-03-21 11:05:01.483558"
317,"playlistName317",9877,"2025-03-21 11:05:01.483558"
318,"playlistName318",9676,"2025-03-21 11:05:01.483558"
319,"playlistName319",2210,"2025-03-21 11:05:01.483558"
320,"playlistName320",2339,"2025-03-21 11:05:01.483558"
321,"playlistName321",1614,"2025-03-21 11:05:01.483558"
322,"playlistName322",955,"2025-03-21 11:05:01.483558"
323,"playlistName323",5696,"2025-03-21 11:05:01.483558"
324,"playlistName324",8438,"2025-03-21 11:05:01.483558"
325,"playlistName325",228,"2025-03-21 11:05:01.483558"
326,"playlistName326",1994,"2025-03-21 11:05:01.483558"
327,"playlistName327",9809,"2025-03-21 11:05:01.483558"
328,"playlistName328",620,"2025-03-21 11:05:01.483558"
329,"playlistName329",4233,"2025-03-21 11:05:01.483558"
330,"playlistName330",5316,"2025-03-21 11:05:01.483558"
331,"playlistName331",4781,"2025-03-21 11:05:01.483558"
332,"playlistName332",8217,"2025-03-21 11:05:01.483558"
333,"playlistName333",9899,"2025-03-21 11:05:01.483558"
334,"playlistName334",9046,"2025-03-21 11:05:01.483558"
335,"playlistName335",689,"2025-03-21 11:05:01.483558"
336,"playlistName336",5145,"2025-03-21 11:05:01.483558"
337,"playlistName337",5714,"2025-03-21 11:05:01.483558"
338,"playlistName338",8017,"2025-03-21 11:05:01.483558"
339,"playlistName339",6533,"2025-03-21 11:05:01.483558"
340,"playlistName340",2840,"2025-03-21 11:05:01.483558"
341,"playlistName341",2693,"2025-03-21 11:05:01.483558"
342,"playlistName342",9932,"2025-03-21 11:05:01.483558"
343,"playlistName343",1699,"2025-03-21 11:05:01.483558"
344,"playlistName344",9006,"2025-03-21 11:05:01.483558"
345,"playlistName345",4273,"2025-03-21 11:05:01.483558"
346,"playlistName346",5033,"2025-03-21 11:05:01.483558"
347,"playlistName347",8387,"2025-03-21 11:05:01.483558"
348,"playlistName348",8860,"2025-03-21 11:05:01.483558"
349,"playlistName349",1896,"2025-03-21 11:05:01.483558"
350,"playlistName350",9174,"2025-03-21 11:05:01.483558"
351,"playlistName351",3316,"2025-03-21 11:05:01.483558"
352,"playlistName352",813,"2025-03-21 11:05:01.483558"
353,"playlistName353",6342,"2025-03-21 11:05:01.483558"
354,"playlistName354",8505,"2025-03-21 11:05:01.483558"
355,"playlistName355",9273,"2025-03-21 11:05:01.483558"
356,"playlistName356",2854,"2025-03-21 11:05:01.483558"
357,"playlistName357",7339,"2025-03-21 11:05:01.483558"
358,"playlistName358",2261,"2025-03-21 11:05:01.483558"
359,"playlistName359",1717,"2025-03-21 11:05:01.483558"
360,"playlistName360",2520,"2025-03-21 11:05:01.483558"
361,"playlistName361",2681,"2025-03-21 11:05:01.483558"
362,"playlistName362",9400,"2025-03-21 11:05:01.483558"
363,"playlistName363",9565,"2025-03-21 11:05:01.483558"
364,"playlistName364",9967,"2025-03-21 11:05:01.483558"
365,"playlistName365",4540,"2025-03-21 11:05:01.483558"
366,"playlistName366",6267,"2025-03-21 11:05:01.483558"
367,"playlistName367",5961,"2025-03-21 11:05:01.483558"
368,"playlistName368",4104,"2025-03-21 11:05:01.483558"
369,"playlistName369",7893,"2025-03-21 11:05:01.483558"
370,"playlistName370",1926,"2025-03-21 11:05:01.483558"
371,"playlistName371",357,"2025-03-21 11:05:01.483558"
372,"playlistName372",9750,"2025-03-21 11:05:01.483558"
373,"playlistName373",7115,"2025-03-21 11:05:01.483558"
374,"playlistName374",4207,"2025-03-21 11:05:01.483558"
375,"playlistName375",9131,"2025-03-21 11:05:01.483558"
376,"playlistName376",5104,"2025-03-21 11:05:01.483558"
377,"playlistName377",1040,"2025-03-21 11:05:01.483558"
378,"playlistName378",2875,"2025-03-21 11:05:01.483558"
379,"playlistName379",4079,"2025-03-21 11:05:01.483558"
380,"playlistName380",3271,"2025-03-21 11:05:01.483558"
381,"playlistName381",6459,"2025-03-21 11:05:01.483558"
382,"playlistName382",9769,"2025-03-21 11:05:01.483558"
383,"playlistName383",2175,"2025-03-21 11:05:01.483558"
384,"playlistName384",1491,"2025-03-21 11:05:01.483558"
385,"playlistName385",8341,"2025-03-21 11:05:01.483558"
386,"playlistName386",2793,"2025-03-21 11:05:01.483558"
387,"playlistName387",8750,"2025-03-21 11:05:01.483558"
388,"playlistName388",2183,"2025-03-21 11:05:01.483558"
389,"playlistName389",6850,"2025-03-21 11:05:01.483558"
390,"playlistName390",9663,"2025-03-21 11:05:01.483558"
391,"playlistName391",7588,"2025-03-21 11:05:01.483558"
392,"playlistName392",6002,"2025-03-21 11:05:01.483558"
393,"playlistName393",8967,"2025-03-21 11:05:01.483558"
394,"playlistName394",5721,"2025-03-21 11:05:01.483558"
395,"playlistName395",638,"2025-03-21 11:05:01.483558"
396,"playlistName396",1480,"2025-03-21 11:05:01.483558"
397,"playlistName397",6083,"2025-03-21 11:05:01.483558"
398,"playlistName398",2290,"2025-03-21 11:05:01.483558"
399,"playlistName399",8359,"2025-03-21 11:05:01.483558"
400,"playlistName400",2126,"2025-03-21 11:05:01.483558"
401,"playlistName401",5638,"2025-03-21 11:05:01.483558"
402,"playlistName402",3237,"2025-03-21 11:05:01.483558"
403,"playlistName403",7948,"2025-03-21 11:05:01.483558"
404,"playlistName404",2808,"2025-03-21 11:05:01.483558"
405,"playlistName405",411,"2025-03-21 11:05:01.483558"
406,"playlistName406",290,"2025-03-21 11:05:01.483558"
407,"playlistName407",4246,"2025-03-21 11:05:01.483558"
408,"playlistName408",4854,"2025-03-21 11:05:01.483558"
409,"playlistName409",9395,"2025-03-21 11:05:01.483558"
410,"playlistName410",741,"2025-03-21 11:05:01.483558"
411,"playlistName411",7881,"2025-03-21 11:05:01.483558"
412,"playlistName412",7675,"2025-03-21 11:05:01.483558"
413,"playlistName413",8393,"2025-03-21 11:05:01.483558"
414,"playlistName414",3370,"2025-03-21 11:05:01.483558"
415,"playlistName415",3137,"2025-03-21 11:05:01.483558"
416,"playlistName416",2524,"2025-03-21 11:05:01.483558"
417,"playlistName417",9003,"2025-03-21 11:05:01.483558"
418,"playlistName418",2199,"2025-03-21 11:05:01.483558"
419,"playlistName419",4288,"2025-03-21 11:05:01.483558"
420,"playlistName420",8971,"2025-03-21 11:05:01.483558"
421,"playlistName421",5247,"2025-03-21 11:05:01.483558"
422,"playlistName422",9411,"2025-03-21 11:05:01.483558"
423,"playlistName423",2155,"2025-03-21 11:05:01.483558"
424,"playlistName424",147,"2025-03-21 11:05:01.483558"
425,"playlistName425",4000,"2025-03-21 11:05:01.483558"
426,"playlistName426",8282,"2025-03-21 11:05:01.483558"
427,"playlistName427",4741,"2025-03-21 11:05:01.483558"
428,"playlistName428",2151,"2025-03-21 11:05:01.483558"
429,"playlistName429",378,"2025-03-21 11:05:01.483558"
430,"playlistName430",5696,"2025-03-21 11:05:01.483558"
431,"playlistName431",2412,"2025-03-21 11:05:01.483558"
432,"playlistName432",2110,"2025-03-21 11:05:01.483558"
433,"playlistName433",7015,"2025-03-21 11:05:01.483558"
434,"playlistName434",8732,"2025-03-21 11:05:01.483558"
435,"playlistName435",9366,"2025-03-21 11:05:01.483558"
436,"playlistName436",9352,"2025-03-21 11:05:01.483558"
437,"playlistName437",5657,"2025-03-21 11:05:01.483558"
438,"playlistName438",1749,"2025-03-21 11:05:01.483558"
439,"playlistName439",7748,"2025-03-21 11:05:01.483558"
440,"playlistName440",4749,"2025-03-21 11:05:01.483558"
441,"playlistName441",7342,"2025-03-21 11:05:01.483558"
442,"playlistName442",8894,"2025-03-21 11:05:01.483558"
443,"playlistName443",8197,"2025-03-21 11:05:01.483558"
444,"playlistName444",4512,"2025-03-21 11:05:01.483558"
445,"playlistName445",8130,"2025-03-21 11:05:01.483558"
446,"playlistName446",4601,"2025-03-21 11:05:01.483558"
447,"playlistName447",9551,"2025-03-21 11:05:01.483558"
448,"playlistName448",7511,"2025-03-21 11:05:01.483558"
449,"playlistName449",6503,"2025-03-21 11:05:01.483558"
450,"playlistName450",3079,"2025-03-21 11:05:01.483558"
451,"playlistName451",6055,"2025-03-21 11:05:01.483558"
452,"playlistName452",9669,"2025-03-21 11:05:01.483558"
453,"playlistName453",1032,"2025-03-21 11:05:01.483558"
454,"playlistName454",5250,"2025-03-21 11:05:01.483558"
455,"playlistName455",8568,"2025-03-21 11:05:01.483558"
456,"playlistName456",7711,"2025-03-21 11:05:01.483558"
457,"playlistName457",4633,"2025-03-21 11:05:01.483558"
458,"playlistName458",3704,"2025-03-21 11:05:01.483558"
459,"playlistName459",9053,"2025-03-21 11:05:01.483558"
460,"playlistName460",5002,"2025-03-21 11:05:01.483558"
461,"playlistName461",4450,"2025-03-21 11:05:01.483558"
462,"playlistName462",6648,"2025-03-21 11:05:01.483558"
463,"playlistName463",4952,"2025-03-21 11:05:01.483558"
464,"playlistName464",9284,"2025-03-21 11:05:01.483558"
465,"playlistName465",4075,"2025-03-21 11:05:01.483558"
466,"playlistName466",3951,"2025-03-21 11:05:01.483558"
467,"playlistName467",2690,"2025-03-21 11:05:01.483558"
468,"playlistName468",5390,"2025-03-21 11:05:01.483558"
469,"playlistName469",556,"2025-03-21 11:05:01.483558"
470,"playlistName470",288,"2025-03-21 11:05:01.483558"
471,"playlistName471",8030,"2025-03-21 11:05:01.483558"
472,"playlistName472",5782,"2025-03-21 11:05:01.483558"
473,"playlistName473",8136,"2025-03-21 11:05:01.483558"
474,"playlistName474",9286,"2025-03-21 11:05:01.483558"
475,"playlistName475",2806,"2025-03-21 11:05:01.483558"
476,"playlistName476",9822,"2025-03-21 11:05:01.483558"
477,"playlistName477",4228,"2025-03-21 11:05:01.483558"
478,"playlistName478",724,"2025-03-21 11:05:01.483558"
479,"playlistName479",3250,"2025-03-21 11:05:01.483558"
480,"playlistName480",1760,"2025-03-21 11:05:01.483558"
481,"playlistName481",7384,"2025-03-21 11:05:01.483558"
482,"playlistName482",6441,"2025-03-21 11:05:01.483558"
483,"playlistName483",2960,"2025-03-21 11:05:01.483558"
484,"playlistName484",6796,"2025-03-21 11:05:01.483558"
485,"playlistName485",3890,"2025-03-21 11:05:01.483558"
486,"playlistName486",7981,"2025-03-21 11:05:01.483558"
487,"playlistName487",2529,"2025-03-21 11:05:01.483558"
488,"playlistName488",3856,"2025-03-21 11:05:01.483558"
489,"playlistName489",7124,"2025-03-21 11:05:01.483558"
490,"playlistName490",4333,"2025-03-21 11:05:01.483558"
491,"playlistName491",9898,"2025-03-21 11:05:01.483558"
492,"playlistName492",5751,"2025-03-21 11:05:01.483558"
493,"playlistName493",9093,"2025-03-21 11:05:01.483558"
494,"playlistName494",9393,"2025-03-21 11:05:01.483558"
495,"playlistName495",4463,"2025-03-21 11:05:01.483558"
496,"playlistName496",7119,"2025-03-21 11:05:01.483558"
497,"playlistName497",324,"2025-03-21 11:05:01.483558"
498,"playlistName498",8764,"2025-03-21 11:05:01.483558"
499,"playlistName499",1685,"2025-03-21 11:05:01.483558"
500,"playlistName500",3377,"2025-03-21 11:05:01.483558"
501,"playlistName501",505,"2025-03-21 11:05:01.483558"
502,"playlistName502",4378,"2025-03-21 11:05:01.483558"
503,"playlistName503",8035,"2025-03-21 11:05:01.483558"
504,"playlistName504",2092,"2025-03-21 11:05:01.483558"
505,"playlistName505",7824,"2025-03-21 11:05:01.483558"
506,"playlistName506",9568,"2025-03-21 11:05:01.483558"
507,"playlistName507",7328,"2025-03-21 11:05:01.483558"
508,"playlistName508",5943,"2025-03-21 11:05:01.483558"
509,"playlistName509",9567,"2025-03-21 11:05:01.483558"
510,"playlistName510",6204,"2025-03-21 11:05:01.483558"
511,"playlistName511",4593,"2025-03-21 11:05:01.483558"
512,"playlistName512",8776,"2025-03-21 11:05:01.483558"
513,"playlistName513",8952,"2025-03-21 11:05:01.483558"
514,"playlistName514",4508,"2025-03-21 11:05:01.483558"
515,"playlistName515",6367,"2025-03-21 11:05:01.483558"
516,"playlistName516",6438,"2025-03-21 11:05:01.483558"
517,"playlistName517",797,"2025-03-21 11:05:01.483558"
518,"playlistName518",8635,"2025-03-21 11:05:01.483558"
519,"playlistName519",4209,"2025-03-21 11:05:01.483558"
520,"playlistName520",8853,"2025-03-21 11:05:01.483558"
521,"playlistName521",9465,"2025-03-21 11:05:01.483558"
522,"playlistName522",8647,"2025-03-21 11:05:01.483558"
523,"playlistName523",5871,"2025-03-21 11:05:01.483558"
524,"playlistName524",2807,"2025-03-21 11:05:01.483558"
525,"playlistName525",5191,"2025-03-21 11:05:01.483558"
526,"playlistName526",5052,"2025-03-21 11:05:01.483558"
527,"playlistName527",8790,"2025-03-21 11:05:01.483558"
528,"playlistName528",2068,"2025-03-21 11:05:01.483558"
529,"playlistName529",5589,"2025-03-21 11:05:01.483558"
530,"playlistName530",6614,"2025-03-21 11:05:01.483558"
531,"playlistName531",2511,"2025-03-21 11:05:01.483558"
532,"playlistName532",369,"2025-03-21 11:05:01.483558"
533,"playlistName533",8203,"2025-03-21 11:05:01.483558"
534,"playlistName534",6050,"2025-03-21 11:05:01.483558"
535,"playlistName535",9134,"2025-03-21 11:05:01.483558"
536,"playlistName536",9810,"2025-03-21 11:05:01.483558"
537,"playlistName537",2617,"2025-03-21 11:05:01.483558"
538,"playlistName538",225,"2025-03-21 11:05:01.483558"
539,"playlistName539",2009,"2025-03-21 11:05:01.483558"
540,"playlistName540",1493,"2025-03-21 11:05:01.483558"
541,"playlistName541",1065,"2025-03-21 11:05:01.483558"
542,"playlistName542",9363,"2025-03-21 11:05:01.483558"
543,"playlistName543",6260,"2025-03-21 11:05:01.483558"
544,"playlistName544",4305,"2025-03-21 11:05:01.483558"
545,"playlistName545",1854,"2025-03-21 11:05:01.483558"
546,"playlistName546",6227,"2025-03-21 11:05:01.483558"
547,"playlistName547",5112,"2025-03-21 11:05:01.483558"
548,"playlistName548",2037,"2025-03-21 11:05:01.483558"
549,"playlistName549",3581,"2025-03-21 11:05:01.483558"
550,"playlistName550",6557,"2025-03-21 11:05:01.483558"
551,"playlistName551",4626,"2025-03-21 11:05:01.483558"
552,"playlistName552",6428,"2025-03-21 11:05:01.483558"
553,"playlistName553",5579,"2025-03-21 11:05:01.483558"
554,"playlistName554",4400,"2025-03-21 11:05:01.483558"
555,"playlistName555",3295,"2025-03-21 11:05:01.483558"
556,"playlistName556",1939,"2025-03-21 11:05:01.483558"
557,"playlistName557",1344,"2025-03-21 11:05:01.483558"
558,"playlistName558",4344,"2025-03-21 11:05:01.483558"
559,"playlistName559",338,"2025-03-21 11:05:01.483558"
560,"playlistName560",358,"2025-03-21 11:05:01.483558"
561,"playlistName561",1938,"2025-03-21 11:05:01.483558"
562,"playlistName562",8436,"2025-03-21 11:05:01.483558"
563,"playlistName563",9546,"2025-03-21 11:05:01.483558"
564,"playlistName564",3837,"2025-03-21 11:05:01.483558"
565,"playlistName565",6745,"2025-03-21 11:05:01.483558"
566,"playlistName566",9368,"2025-03-21 11:05:01.483558"
567,"playlistName567",8165,"2025-03-21 11:05:01.483558"
568,"playlistName568",6548,"2025-03-21 11:05:01.483558"
569,"playlistName569",407,"2025-03-21 11:05:01.483558"
570,"playlistName570",83,"2025-03-21 11:05:01.483558"
571,"playlistName571",53,"2025-03-21 11:05:01.483558"
572,"playlistName572",3431,"2025-03-21 11:05:01.483558"
573,"playlistName573",2593,"2025-03-21 11:05:01.483558"
574,"playlistName574",5779,"2025-03-21 11:05:01.483558"
575,"playlistName575",3619,"2025-03-21 11:05:01.483558"
576,"playlistName576",3525,"2025-03-21 11:05:01.483558"
577,"playlistName577",9614,"2025-03-21 11:05:01.483558"
578,"playlistName578",9901,"2025-03-21 11:05:01.483558"
579,"playlistName579",2346,"2025-03-21 11:05:01.483558"
580,"playlistName580",8226,"2025-03-21 11:05:01.483558"
581,"playlistName581",831,"2025-03-21 11:05:01.483558"
582,"playlistName582",5517,"2025-03-21 11:05:01.483558"
583,"playlistName583",5178,"2025-03-21 11:05:01.483558"
584,"playlistName584",5344,"2025-03-21 11:05:01.483558"
585,"playlistName585",474,"2025-03-21 11:05:01.483558"
586,"playlistName586",1751,"2025-03-21 11:05:01.483558"
587,"playlistName587",1265,"2025-03-21 11:05:01.483558"
588,"playlistName588",6190,"2025-03-21 11:05:01.483558"
589,"playlistName589",8559,"2025-03-21 11:05:01.483558"
590,"playlistName590",8763,"2025-03-21 11:05:01.483558"
591,"playlistName591",9391,"2025-03-21 11:05:01.483558"
592,"playlistName592",6175,"2025-03-21 11:05:01.483558"
593,"playlistName593",5605,"2025-03-21 11:05:01.483558"
594,"playlistName594",9457,"2025-03-21 11:05:01.483558"
595,"playlistName595",5492,"2025-03-21 11:05:01.483558"
596,"playlistName596",6067,"2025-03-21 11:05:01.483558"
597,"playlistName597",120,"2025-03-21 11:05:01.483558"
598,"playlistName598",8313,"2025-03-21 11:05:01.483558"
599,"playlistName599",6666,"2025-03-21 11:05:01.483558"
600,"playlistName600",6949,"2025-03-21 11:05:01.483558"
601,"playlistName601",7269,"2025-03-21 11:05:01.483558"
602,"playlistName602",8096,"2025-03-21 11:05:01.483558"
603,"playlistName603",6595,"2025-03-21 11:05:01.483558"
604,"playlistName604",7089,"2025-03-21 11:05:01.483558"
605,"playlistName605",6211,"2025-03-21 11:05:01.483558"
606,"playlistName606",799,"2025-03-21 11:05:01.483558"
607,"playlistName607",1728,"2025-03-21 11:05:01.483558"
608,"playlistName608",472,"2025-03-21 11:05:01.483558"
609,"playlistName609",1416,"2025-03-21 11:05:01.483558"
610,"playlistName610",1487,"2025-03-21 11:05:01.483558"
611,"playlistName611",9286,"2025-03-21 11:05:01.483558"
612,"playlistName612",7620,"2025-03-21 11:05:01.483558"
613,"playlistName613",7266,"2025-03-21 11:05:01.483558"
614,"playlistName614",6754,"2025-03-21 11:05:01.483558"
615,"playlistName615",8011,"2025-03-21 11:05:01.483558"
616,"playlistName616",2355,"2025-03-21 11:05:01.483558"
617,"playlistName617",2942,"2025-03-21 11:05:01.483558"
618,"playlistName618",1430,"2025-03-21 11:05:01.483558"
619,"playlistName619",7582,"2025-03-21 11:05:01.483558"
620,"playlistName620",8806,"2025-03-21 11:05:01.483558"
621,"playlistName621",7641,"2025-03-21 11:05:01.483558"
622,"playlistName622",8251,"2025-03-21 11:05:01.483558"
623,"playlistName623",4302,"2025-03-21 11:05:01.483558"
624,"playlistName624",1976,"2025-03-21 11:05:01.483558"
625,"playlistName625",2936,"2025-03-21 11:05:01.483558"
626,"playlistName626",3864,"2025-03-21 11:05:01.483558"
627,"playlistName627",9599,"2025-03-21 11:05:01.483558"
628,"playlistName628",6838,"2025-03-21 11:05:01.483558"
629,"playlistName629",4486,"2025-03-21 11:05:01.483558"
630,"playlistName630",7936,"2025-03-21 11:05:01.483558"
631,"playlistName631",711,"2025-03-21 11:05:01.483558"
632,"playlistName632",1009,"2025-03-21 11:05:01.483558"
633,"playlistName633",7668,"2025-03-21 11:05:01.483558"
634,"playlistName634",5708,"2025-03-21 11:05:01.483558"
635,"playlistName635",8144,"2025-03-21 11:05:01.483558"
636,"playlistName636",1602,"2025-03-21 11:05:01.483558"
637,"playlistName637",4242,"2025-03-21 11:05:01.483558"
638,"playlistName638",1615,"2025-03-21 11:05:01.483558"
639,"playlistName639",4307,"2025-03-21 11:05:01.483558"
640,"playlistName640",6543,"2025-03-21 11:05:01.483558"
641,"playlistName641",6437,"2025-03-21 11:05:01.483558"
642,"playlistName642",5494,"2025-03-21 11:05:01.483558"
643,"playlistName643",8399,"2025-03-21 11:05:01.483558"
644,"playlistName644",5596,"2025-03-21 11:05:01.483558"
645,"playlistName645",6108,"2025-03-21 11:05:01.483558"
646,"playlistName646",2171,"2025-03-21 11:05:01.483558"
647,"playlistName647",2331,"2025-03-21 11:05:01.483558"
648,"playlistName648",7281,"2025-03-21 11:05:01.483558"
649,"playlistName649",5927,"2025-03-21 11:05:01.483558"
650,"playlistName650",2415,"2025-03-21 11:05:01.483558"
651,"playlistName651",6623,"2025-03-21 11:05:01.483558"
652,"playlistName652",4102,"2025-03-21 11:05:01.483558"
653,"playlistName653",6395,"2025-03-21 11:05:01.483558"
654,"playlistName654",3770,"2025-03-21 11:05:01.483558"
655,"playlistName655",6502,"2025-03-21 11:05:01.483558"
656,"playlistName656",7170,"2025-03-21 11:05:01.483558"
657,"playlistName657",8817,"2025-03-21 11:05:01.483558"
658,"playlistName658",5747,"2025-03-21 11:05:01.483558"
659,"playlistName659",2318,"2025-03-21 11:05:01.483558"
660,"playlistName660",2944,"2025-03-21 11:05:01.483558"
661,"playlistName661",2444,"2025-03-21 11:05:01.483558"
662,"playlistName662",8112,"2025-03-21 11:05:01.483558"
663,"playlistName663",7277,"2025-03-21 11:05:01.483558"
664,"playlistName664",4358,"2025-03-21 11:05:01.483558"
665,"playlistName665",3218,"2025-03-21 11:05:01.483558"
666,"playlistName666",2941,"2025-03-21 11:05:01.483558"
667,"playlistName667",3826,"2025-03-21 11:05:01.483558"
668,"playlistName668",2561,"2025-03-21 11:05:01.483558"
669,"playlistName669",7088,"2025-03-21 11:05:01.483558"
670,"playlistName670",974,"2025-03-21 11:05:01.483558"
671,"playlistName671",1642,"2025-03-21 11:05:01.483558"
672,"playlistName672",7841,"2025-03-21 11:05:01.483558"
673,"playlistName673",4061,"2025-03-21 11:05:01.483558"
674,"playlistName674",770,"2025-03-21 11:05:01.483558"
675,"playlistName675",8928,"2025-03-21 11:05:01.483558"
676,"playlistName676",1899,"2025-03-21 11:05:01.483558"
677,"playlistName677",6596,"2025-03-21 11:05:01.483558"
678,"playlistName678",6570,"2025-03-21 11:05:01.483558"
679,"playlistName679",2266,"2025-03-21 11:05:01.483558"
680,"playlistName680",7292,"2025-03-21 11:05:01.483558"
681,"playlistName681",1769,"2025-03-21 11:05:01.483558"
682,"playlistName682",2561,"2025-03-21 11:05:01.483558"
683,"playlistName683",1057,"2025-03-21 11:05:01.483558"
684,"playlistName684",1153,"2025-03-21 11:05:01.483558"
685,"playlistName685",4091,"2025-03-21 11:05:01.483558"
686,"playlistName686",2057,"2025-03-21 11:05:01.483558"
687,"playlistName687",5926,"2025-03-21 11:05:01.483558"
688,"playlistName688",1449,"2025-03-21 11:05:01.483558"
689,"playlistName689",5666,"2025-03-21 11:05:01.483558"
690,"playlistName690",8064,"2025-03-21 11:05:01.483558"
691,"playlistName691",1944,"2025-03-21 11:05:01.483558"
692,"playlistName692",4951,"2025-03-21 11:05:01.483558"
693,"playlistName693",5547,"2025-03-21 11:05:01.483558"
694,"playlistName694",4240,"2025-03-21 11:05:01.483558"
695,"playlistName695",571,"2025-03-21 11:05:01.483558"
696,"playlistName696",2758,"2025-03-21 11:05:01.483558"
697,"playlistName697",241,"2025-03-21 11:05:01.483558"
698,"playlistName698",96,"2025-03-21 11:05:01.483558"
699,"playlistName699",8768,"2025-03-21 11:05:01.483558"
700,"playlistName700",2496,"2025-03-21 11:05:01.483558"
701,"playlistName701",795,"2025-03-21 11:05:01.483558"
702,"playlistName702",1695,"2025-03-21 11:05:01.483558"
703,"playlistName703",7201,"2025-03-21 11:05:01.483558"
704,"playlistName704",8781,"2025-03-21 11:05:01.483558"
705,"playlistName705",7853,"2025-03-21 11:05:01.483558"
706,"playlistName706",1422,"2025-03-21 11:05:01.483558"
707,"playlistName707",1509,"2025-03-21 11:05:01.483558"
708,"playlistName708",8173,"2025-03-21 11:05:01.483558"
709,"playlistName709",2191,"2025-03-21 11:05:01.483558"
710,"playlistName710",6526,"2025-03-21 11:05:01.483558"
711,"playlistName711",6896,"2025-03-21 11:05:01.483558"
712,"playlistName712",3889,"2025-03-21 11:05:01.483558"
713,"playlistName713",8907,"2025-03-21 11:05:01.483558"
714,"playlistName714",2784,"2025-03-21 11:05:01.483558"
715,"playlistName715",5353,"2025-03-21 11:05:01.483558"
716,"playlistName716",2637,"2025-03-21 11:05:01.483558"
717,"playlistName717",5744,"2025-03-21 11:05:01.483558"
718,"playlistName718",7282,"2025-03-21 11:05:01.483558"
719,"playlistName719",6197,"2025-03-21 11:05:01.483558"
720,"playlistName720",2842,"2025-03-21 11:05:01.483558"
721,"playlistName721",1759,"2025-03-21 11:05:01.483558"
722,"playlistName722",4063,"2025-03-21 11:05:01.483558"
723,"playlistName723",5975,"2025-03-21 11:05:01.483558"
724,"playlistName724",1212,"2025-03-21 11:05:01.483558"
725,"playlistName725",3321,"2025-03-21 11:05:01.483558"
726,"playlistName726",5265,"2025-03-21 11:05:01.483558"
727,"playlistName727",4105,"2025-03-21 11:05:01.483558"
728,"playlistName728",8487,"2025-03-21 11:05:01.483558"
729,"playlistName729",3576,"2025-03-21 11:05:01.483558"
730,"playlistName730",9294,"2025-03-21 11:05:01.483558"
731,"playlistName731",5850,"2025-03-21 11:05:01.483558"
732,"playlistName732",558,"2025-03-21 11:05:01.483558"
733,"playlistName733",477,"2025-03-21 11:05:01.483558"
734,"playlistName734",4831,"2025-03-21 11:05:01.483558"
735,"playlistName735",9936,"2025-03-21 11:05:01.483558"
736,"playlistName736",6265,"2025-03-21 11:05:01.483558"
737,"playlistName737",9394,"2025-03-21 11:05:01.483558"
738,"playlistName738",8929,"2025-03-21 11:05:01.483558"
739,"playlistName739",5225,"2025-03-21 11:05:01.483558"
740,"playlistName740",1942,"2025-03-21 11:05:01.483558"
741,"playlistName741",563,"2025-03-21 11:05:01.483558"
742,"playlistName742",3560,"2025-03-21 11:05:01.483558"
743,"playlistName743",4289,"2025-03-21 11:05:01.483558"
744,"playlistName744",6903,"2025-03-21 11:05:01.483558"
745,"playlistName745",6153,"2025-03-21 11:05:01.483558"
746,"playlistName746",8700,"2025-03-21 11:05:01.483558"
747,"playlistName747",3451,"2025-03-21 11:05:01.483558"
748,"playlistName748",284,"2025-03-21 11:05:01.483558"
749,"playlistName749",6828,"2025-03-21 11:05:01.483558"
750,"playlistName750",4840,"2025-03-21 11:05:01.483558"
751,"playlistName751",17,"2025-03-21 11:05:01.483558"
752,"playlistName752",1057,"2025-03-21 11:05:01.483558"
753,"playlistName753",5378,"2025-03-21 11:05:01.483558"
754,"playlistName754",8302,"2025-03-21 11:05:01.483558"
755,"playlistName755",4356,"2025-03-21 11:05:01.483558"
756,"playlistName756",1748,"2025-03-21 11:05:01.483558"
757,"playlistName757",5016,"2025-03-21 11:05:01.483558"
758,"playlistName758",5702,"2025-03-21 11:05:01.483558"
759,"playlistName759",7577,"2025-03-21 11:05:01.483558"
760,"playlistName760",5101,"2025-03-21 11:05:01.483558"
761,"playlistName761",3406,"2025-03-21 11:05:01.483558"
762,"playlistName762",6116,"2025-03-21 11:05:01.483558"
763,"playlistName763",1795,"2025-03-21 11:05:01.483558"
764,"playlistName764",1190,"2025-03-21 11:05:01.483558"
765,"playlistName765",8276,"2025-03-21 11:05:01.483558"
766,"playlistName766",297,"2025-03-21 11:05:01.483558"
767,"playlistName767",6757,"2025-03-21 11:05:01.483558"
768,"playlistName768",3929,"2025-03-21 11:05:01.483558"
769,"playlistName769",483,"2025-03-21 11:05:01.483558"
770,"playlistName770",8150,"2025-03-21 11:05:01.483558"
771,"playlistName771",4678,"2025-03-21 11:05:01.483558"
772,"playlistName772",9788,"2025-03-21 11:05:01.483558"
773,"playlistName773",5313,"2025-03-21 11:05:01.483558"
774,"playlistName774",1824,"2025-03-21 11:05:01.483558"
775,"playlistName775",6280,"2025-03-21 11:05:01.483558"
776,"playlistName776",2310,"2025-03-21 11:05:01.483558"
777,"playlistName777",7366,"2025-03-21 11:05:01.483558"
778,"playlistName778",6699,"2025-03-21 11:05:01.483558"
779,"playlistName779",5983,"2025-03-21 11:05:01.483558"
780,"playlistName780",6544,"2025-03-21 11:05:01.483558"
781,"playlistName781",3319,"2025-03-21 11:05:01.483558"
782,"playlistName782",8819,"2025-03-21 11:05:01.483558"
783,"playlistName783",7058,"2025-03-21 11:05:01.483558"
784,"playlistName784",4854,"2025-03-21 11:05:01.483558"
785,"playlistName785",6176,"2025-03-21 11:05:01.483558"
786,"playlistName786",5632,"2025-03-21 11:05:01.483558"
787,"playlistName787",6596,"2025-03-21 11:05:01.483558"
788,"playlistName788",878,"2025-03-21 11:05:01.483558"
789,"playlistName789",9320,"2025-03-21 11:05:01.483558"
790,"playlistName790",7747,"2025-03-21 11:05:01.483558"
791,"playlistName791",2467,"2025-03-21 11:05:01.483558"
792,"playlistName792",4535,"2025-03-21 11:05:01.483558"
793,"playlistName793",5347,"2025-03-21 11:05:01.483558"
794,"playlistName794",2827,"2025-03-21 11:05:01.483558"
795,"playlistName795",5936,"2025-03-21 11:05:01.483558"
796,"playlistName796",1518,"2025-03-21 11:05:01.483558"
797,"playlistName797",5857,"2025-03-21 11:05:01.483558"
798,"playlistName798",9172,"2025-03-21 11:05:01.483558"
799,"playlistName799",7334,"2025-03-21 11:05:01.483558"
800,"playlistName800",3557,"2025-03-21 11:05:01.483558"
801,"playlistName801",2374,"2025-03-21 11:05:01.483558"
802,"playlistName802",6540,"2025-03-21 11:05:01.483558"
803,"playlistName803",1958,"2025-03-21 11:05:01.483558"
804,"playlistName804",5303,"2025-03-21 11:05:01.483558"
805,"playlistName805",6732,"2025-03-21 11:05:01.483558"
806,"playlistName806",3270,"2025-03-21 11:05:01.483558"
807,"playlistName807",3872,"2025-03-21 11:05:01.483558"
808,"playlistName808",6329,"2025-03-21 11:05:01.483558"
809,"playlistName809",4673,"2025-03-21 11:05:01.483558"
810,"playlistName810",8149,"2025-03-21 11:05:01.483558"
811,"playlistName811",4237,"2025-03-21 11:05:01.483558"
812,"playlistName812",9360,"2025-03-21 11:05:01.483558"
813,"playlistName813",7289,"2025-03-21 11:05:01.483558"
814,"playlistName814",8796,"2025-03-21 11:05:01.483558"
815,"playlistName815",6422,"2025-03-21 11:05:01.483558"
816,"playlistName816",3900,"2025-03-21 11:05:01.483558"
817,"playlistName817",2383,"2025-03-21 11:05:01.483558"
818,"playlistName818",6922,"2025-03-21 11:05:01.483558"
819,"playlistName819",9820,"2025-03-21 11:05:01.483558"
820,"playlistName820",4345,"2025-03-21 11:05:01.483558"
821,"playlistName821",1881,"2025-03-21 11:05:01.483558"
822,"playlistName822",547,"2025-03-21 11:05:01.483558"
823,"playlistName823",5577,"2025-03-21 11:05:01.483558"
824,"playlistName824",3407,"2025-03-21 11:05:01.483558"
825,"playlistName825",2186,"2025-03-21 11:05:01.483558"
826,"playlistName826",1442,"2025-03-21 11:05:01.483558"
827,"playlistName827",2263,"2025-03-21 11:05:01.483558"
828,"playlistName828",7084,"2025-03-21 11:05:01.483558"
829,"playlistName829",4166,"2025-03-21 11:05:01.483558"
830,"playlistName830",7817,"2025-03-21 11:05:01.483558"
831,"playlistName831",3776,"2025-03-21 11:05:01.483558"
832,"playlistName832",3517,"2025-03-21 11:05:01.483558"
833,"playlistName833",1752,"2025-03-21 11:05:01.483558"
834,"playlistName834",8076,"2025-03-21 11:05:01.483558"
835,"playlistName835",8480,"2025-03-21 11:05:01.483558"
836,"playlistName836",8990,"2025-03-21 11:05:01.483558"
837,"playlistName837",5827,"2025-03-21 11:05:01.483558"
838,"playlistName838",7351,"2025-03-21 11:05:01.483558"
839,"playlistName839",7203,"2025-03-21 11:05:01.483558"
840,"playlistName840",3490,"2025-03-21 11:05:01.483558"
841,"playlistName841",5793,"2025-03-21 11:05:01.483558"
842,"playlistName842",236,"2025-03-21 11:05:01.483558"
843,"playlistName843",9412,"2025-03-21 11:05:01.483558"
844,"playlistName844",7671,"2025-03-21 11:05:01.483558"
845,"playlistName845",216,"2025-03-21 11:05:01.483558"
846,"playlistName846",5787,"2025-03-21 11:05:01.483558"
847,"playlistName847",3807,"2025-03-21 11:05:01.483558"
848,"playlistName848",7540,"2025-03-21 11:05:01.483558"
849,"playlistName849",5521,"2025-03-21 11:05:01.483558"
850,"playlistName850",2246,"2025-03-21 11:05:01.483558"
851,"playlistName851",5038,"2025-03-21 11:05:01.483558"
852,"playlistName852",4683,"2025-03-21 11:05:01.483558"
853,"playlistName853",4170,"2025-03-21 11:05:01.483558"
854,"playlistName854",710,"2025-03-21 11:05:01.483558"
855,"playlistName855",6206,"2025-03-21 11:05:01.483558"
856,"playlistName856",7762,"2025-03-21 11:05:01.483558"
857,"playlistName857",7169,"2025-03-21 11:05:01.483558"
858,"playlistName858",2965,"2025-03-21 11:05:01.483558"
859,"playlistName859",6953,"2025-03-21 11:05:01.483558"
860,"playlistName860",2190,"2025-03-21 11:05:01.483558"
861,"playlistName861",259,"2025-03-21 11:05:01.483558"
862,"playlistName862",5121,"2025-03-21 11:05:01.483558"
863,"playlistName863",3987,"2025-03-21 11:05:01.483558"
864,"playlistName864",247,"2025-03-21 11:05:01.483558"
865,"playlistName865",776,"2025-03-21 11:05:01.483558"
866,"playlistName866",1435,"2025-03-21 11:05:01.483558"
867,"playlistName867",9213,"2025-03-21 11:05:01.483558"
868,"playlistName868",2006,"2025-03-21 11:05:01.483558"
869,"playlistName869",2642,"2025-03-21 11:05:01.483558"
870,"playlistName870",6540,"2025-03-21 11:05:01.483558"
871,"playlistName871",1992,"2025-03-21 11:05:01.483558"
872,"playlistName872",9375,"2025-03-21 11:05:01.483558"
873,"playlistName873",556,"2025-03-21 11:05:01.483558"
874,"playlistName874",3120,"2025-03-21 11:05:01.483558"
875,"playlistName875",4269,"2025-03-21 11:05:01.483558"
876,"playlistName876",7436,"2025-03-21 11:05:01.483558"
877,"playlistName877",3171,"2025-03-21 11:05:01.483558"
878,"playlistName878",1668,"2025-03-21 11:05:01.483558"
879,"playlistName879",1079,"2025-03-21 11:05:01.483558"
880,"playlistName880",6865,"2025-03-21 11:05:01.483558"
881,"playlistName881",7885,"2025-03-21 11:05:01.483558"
882,"playlistName882",5160,"2025-03-21 11:05:01.483558"
883,"playlistName883",2016,"2025-03-21 11:05:01.483558"
884,"playlistName884",1599,"2025-03-21 11:05:01.483558"
885,"playlistName885",3356,"2025-03-21 11:05:01.483558"
886,"playlistName886",3011,"2025-03-21 11:05:01.483558"
887,"playlistName887",3867,"2025-03-21 11:05:01.483558"
888,"playlistName888",2776,"2025-03-21 11:05:01.483558"
889,"playlistName889",9504,"2025-03-21 11:05:01.483558"
890,"playlistName890",9203,"2025-03-21 11:05:01.483558"
891,"playlistName891",9638,"2025-03-21 11:05:01.483558"
892,"playlistName892",5948,"2025-03-21 11:05:01.483558"
893,"playlistName893",6240,"2025-03-21 11:05:01.483558"
894,"playlistName894",8653,"2025-03-21 11:05:01.483558"
895,"playlistName895",2417,"2025-03-21 11:05:01.483558"
896,"playlistName896",495,"2025-03-21 11:05:01.483558"
897,"playlistName897",167,"2025-03-21 11:05:01.483558"
898,"playlistName898",6655,"2025-03-21 11:05:01.483558"
899,"playlistName899",7908,"2025-03-21 11:05:01.483558"
900,"playlistName900",7277,"2025-03-21 11:05:01.483558"
901,"playlistName901",4710,"2025-03-21 11:05:01.483558"
902,"playlistName902",6496,"2025-03-21 11:05:01.483558"
903,"playlistName903",4179,"2025-03-21 11:05:01.483558"
904,"playlistName904",2177,"2025-03-21 11:05:01.483558"
905,"playlistName905",3227,"2025-03-21 11:05:01.483558"
906,"playlistName906",2443,"2025-03-21 11:05:01.483558"
907,"playlistName907",1693,"2025-03-21 11:05:01.483558"
908,"playlistName908",2450,"2025-03-21 11:05:01.483558"
909,"playlistName909",4918,"2025-03-21 11:05:01.483558"
910,"playlistName910",6186,"2025-03-21 11:05:01.483558"
911,"playlistName911",6236,"2025-03-21 11:05:01.483558"
912,"playlistName912",8656,"2025-03-21 11:05:01.483558"
913,"playlistName913",5763,"2025-03-21 11:05:01.483558"
914,"playlistName914",9469,"2025-03-21 11:05:01.483558"
915,"playlistName915",5017,"2025-03-21 11:05:01.483558"
916,"playlistName916",257,"2025-03-21 11:05:01.483558"
917,"playlistName917",2498,"2025-03-21 11:05:01.483558"
918,"playlistName918",1740,"2025-03-21 11:05:01.483558"
919,"playlistName919",1828,"2025-03-21 11:05:01.483558"
920,"playlistName920",628,"2025-03-21 11:05:01.483558"
921,"playlistName921",7163,"2025-03-21 11:05:01.483558"
922,"playlistName922",6265,"2025-03-21 11:05:01.483558"
923,"playlistName923",7085,"2025-03-21 11:05:01.483558"
924,"playlistName924",8682,"2025-03-21 11:05:01.483558"
925,"playlistName925",2794,"2025-03-21 11:05:01.483558"
926,"playlistName926",6620,"2025-03-21 11:05:01.483558"
927,"playlistName927",9457,"2025-03-21 11:05:01.483558"
928,"playlistName928",2542,"2025-03-21 11:05:01.483558"
929,"playlistName929",9354,"2025-03-21 11:05:01.483558"
930,"playlistName930",7491,"2025-03-21 11:05:01.483558"
931,"playlistName931",9898,"2025-03-21 11:05:01.483558"
932,"playlistName932",6517,"2025-03-21 11:05:01.483558"
933,"playlistName933",326,"2025-03-21 11:05:01.483558"
934,"playlistName934",3288,"2025-03-21 11:05:01.483558"
935,"playlistName935",2132,"2025-03-21 11:05:01.483558"
936,"playlistName936",7249,"2025-03-21 11:05:01.483558"
937,"playlistName937",7624,"2025-03-21 11:05:01.483558"
938,"playlistName938",2185,"2025-03-21 11:05:01.483558"
939,"playlistName939",3940,"2025-03-21 11:05:01.483558"
940,"playlistName940",5919,"2025-03-21 11:05:01.483558"
941,"playlistName941",723,"2025-03-21 11:05:01.483558"
942,"playlistName942",6367,"2025-03-21 11:05:01.483558"
943,"playlistName943",8987,"2025-03-21 11:05:01.483558"
944,"playlistName944",3388,"2025-03-21 11:05:01.483558"
945,"playlistName945",8101,"2025-03-21 11:05:01.483558"
946,"playlistName946",9468,"2025-03-21 11:05:01.483558"
947,"playlistName947",8685,"2025-03-21 11:05:01.483558"
948,"playlistName948",4361,"2025-03-21 11:05:01.483558"
949,"playlistName949",1791,"2025-03-21 11:05:01.483558"
950,"playlistName950",188,"2025-03-21 11:05:01.483558"
951,"playlistName951",5060,"2025-03-21 11:05:01.483558"
952,"playlistName952",824,"2025-03-21 11:05:01.483558"
953,"playlistName953",1432,"2025-03-21 11:05:01.483558"
954,"playlistName954",4759,"2025-03-21 11:05:01.483558"
955,"playlistName955",9724,"2025-03-21 11:05:01.483558"
956,"playlistName956",692,"2025-03-21 11:05:01.483558"
957,"playlistName957",3060,"2025-03-21 11:05:01.483558"
958,"playlistName958",268,"2025-03-21 11:05:01.483558"
959,"playlistName959",247,"2025-03-21 11:05:01.483558"
960,"playlistName960",1068,"2025-03-21 11:05:01.483558"
961,"playlistName961",3621,"2025-03-21 11:05:01.483558"
962,"playlistName962",162,"2025-03-21 11:05:01.483558"
963,"playlistName963",3390,"2025-03-21 11:05:01.483558"
964,"playlistName964",3981,"2025-03-21 11:05:01.483558"
965,"playlistName965",3676,"2025-03-21 11:05:01.483558"
966,"playlistName966",5744,"2025-03-21 11:05:01.483558"
967,"playlistName967",2456,"2025-03-21 11:05:01.483558"
968,"playlistName968",4751,"2025-03-21 11:05:01.483558"
969,"playlistName969",170,"2025-03-21 11:05:01.483558"
970,"playlistName970",3288,"2025-03-21 11:05:01.483558"
971,"playlistName971",2004,"2025-03-21 11:05:01.483558"
972,"playlistName972",9513,"2025-03-21 11:05:01.483558"
973,"playlistName973",4057,"2025-03-21 11:05:01.483558"
974,"playlistName974",956,"2025-03-21 11:05:01.483558"
975,"playlistName975",7570,"2025-03-21 11:05:01.483558"
976,"playlistName976",4287,"2025-03-21 11:05:01.483558"
977,"playlistName977",7036,"2025-03-21 11:05:01.483558"
978,"playlistName978",8894,"2025-03-21 11:05:01.483558"
979,"playlistName979",6616,"2025-03-21 11:05:01.483558"
980,"playlistName980",2634,"2025-03-21 11:05:01.483558"
981,"playlistName981",3665,"2025-03-21 11:05:01.483558"
982,"playlistName982",2655,"2025-03-21 11:05:01.483558"
983,"playlistName983",7873,"2025-03-21 11:05:01.483558"
984,"playlistName984",9274,"2025-03-21 11:05:01.483558"
985,"playlistName985",1770,"2025-03-21 11:05:01.483558"
986,"playlistName986",3356,"2025-03-21 11:05:01.483558"
987,"playlistName987",709,"2025-03-21 11:05:01.483558"
988,"playlistName988",399,"2025-03-21 11:05:01.483558"
989,"playlistName989",2187,"2025-03-21 11:05:01.483558"
990,"playlistName990",2063,"2025-03-21 11:05:01.483558"
991,"playlistName991",7075,"2025-03-21 11:05:01.483558"
992,"playlistName992",1749,"2025-03-21 11:05:01.483558"
993,"playlistName993",9853,"2025-03-21 11:05:01.483558"
994,"playlistName994",5426,"2025-03-21 11:05:01.483558"
995,"playlistName995",6135,"2025-03-21 11:05:01.483558"
996,"playlistName996",1515,"2025-03-21 11:05:01.483558"
997,"playlistName997",3562,"2025-03-21 11:05:01.483558"
998,"playlistName998",8876,"2025-03-21 11:05:01.483558"
999,"playlistName999",6056,"2025-03-21 11:05:01.483558"
1007,"my new playlist",10008,"2025-04-28 17:08:46.266639"
1016,"this is cool",10008,"2025-04-30 14:59:25.712792"
1020,"Foreigner Hits",10008,"2025-05-02 11:02:45.868314"
