"pf_id","pf_playlistid","pf_userid"
1,1,2908
2,2,1494
3,3,5134
4,4,6569
5,5,3823
6,6,7166
7,7,9161
8,8,9560
9,9,2100
10,10,3389
11,11,7174
12,12,8870
13,13,1484
14,14,2264
15,15,1848
16,16,6351
17,17,4992
18,18,8444
19,19,7100
20,20,3840
21,21,4588
22,22,1147
23,23,3414
24,24,2848
25,25,3274
26,26,9905
27,27,8597
28,28,6934
29,29,3420
30,30,8349
31,31,6641
32,32,5465
33,33,4832
34,34,5439
35,35,3409
36,36,3617
37,37,1096
38,38,4592
39,39,523
40,40,9218
41,41,8203
42,42,2949
43,43,3347
44,44,826
45,45,9504
46,46,2185
47,47,9596
48,48,4243
49,49,7816
50,50,7240
51,51,1676
52,52,9995
53,53,5168
54,54,8562
55,55,5903
56,56,761
57,57,9934
58,58,7058
59,59,8782
60,60,3235
61,61,167
62,62,8701
63,63,9299
64,64,519
65,65,6246
66,66,6477
67,67,7981
68,68,8867
69,69,1216
70,70,8776
71,71,3708
72,72,8146
73,73,6776
74,74,7438
75,75,9152
76,76,5174
77,77,1534
78,78,4227
79,79,8707
80,80,7608
81,81,2737
82,82,9223
83,83,4736
84,84,3745
85,85,8728
86,86,9760
87,87,8360
88,88,4463
89,89,9910
90,90,530
91,91,998
92,92,1816
93,93,1973
94,94,2623
95,95,918
96,96,1873
97,97,6695
98,98,2600
99,99,2383
100,100,924
101,101,7531
102,102,8221
103,103,7637
104,104,1696
105,105,6267
106,106,3172
107,107,9920
108,108,4633
109,109,8382
110,110,5117
111,111,5099
112,112,8394
113,113,5061
114,114,5490
115,115,5193
116,116,4515
117,117,7800
118,118,4278
119,119,7540
120,120,4673
121,121,2230
122,122,7792
123,123,726
124,124,5052
125,125,9876
126,126,622
127,127,7681
128,128,8375
129,129,8803
130,130,6679
131,131,713
132,132,3535
133,133,7971
134,134,3539
135,135,6357
136,136,7227
137,137,4743
138,138,2748
139,139,9906
140,140,5407
141,141,4688
142,142,220
143,143,2595
144,144,3947
145,145,1748
146,146,5179
147,147,1276
148,148,6774
149,149,6869
150,150,9767
151,151,1157
152,152,6690
153,153,4126
154,154,8837
155,155,4685
156,156,7947
157,157,6074
158,158,5009
159,159,1277
160,160,4996
161,161,9636
162,162,4838
163,163,9680
164,164,9531
165,165,142
166,166,848
167,167,6039
168,168,9446
169,169,3547
170,170,577
171,171,1657
172,172,2347
173,173,5367
174,174,446
175,175,6970
176,176,3806
177,177,3812
178,178,7681
179,179,2253
180,180,1968
181,181,3502
182,182,5401
183,183,3230
184,184,1353
185,185,4074
186,186,2920
187,187,6051
188,188,1373
189,189,997
190,190,405
191,191,5597
192,192,1833
193,193,5017
194,194,1250
195,195,4342
196,196,4449
197,197,9821
198,198,2075
199,199,3588
200,200,7917
201,201,2061
202,202,1807
203,203,1421
204,204,2729
205,205,3548
206,206,8066
207,207,3427
208,208,9617
209,209,7639
210,210,7950
211,211,9225
212,212,391
213,213,6608
214,214,2469
215,215,5121
216,216,4487
217,217,4896
218,218,7161
219,219,2095
220,220,2122
221,221,1219
222,222,9612
223,223,3471
224,224,8599
225,225,1425
226,226,8924
227,227,1612
228,228,6792
229,229,5015
230,230,5769
231,231,6993
232,232,149
233,233,9760
234,234,5428
235,235,8171
236,236,2228
237,237,3733
238,238,104
239,239,3398
240,240,7425
241,241,6491
242,242,7294
243,243,7610
244,244,3821
245,245,5374
246,246,835
247,247,2761
248,248,8947
249,249,462
250,250,8798
251,251,6457
252,252,6635
253,253,829
254,254,865
255,255,5110
256,256,2569
257,257,1602
258,258,8399
259,259,4739
260,260,1934
261,261,6552
262,262,9515
263,263,8954
264,264,7152
265,265,338
266,266,7230
267,267,7934
268,268,4155
269,269,162
270,270,8465
271,271,6320
272,272,6649
273,273,2204
274,274,619
275,275,1010
276,276,8261
277,277,6280
278,278,1485
279,279,9803
280,280,8032
281,281,3344
282,282,5623
283,283,400
284,284,9860
285,285,5272
286,286,3276
287,287,7715
288,288,5119
289,289,6438
290,290,7159
291,291,3022
292,292,833
293,293,2685
294,294,4694
295,295,5859
296,296,2688
297,297,400
298,298,1827
299,299,7579
300,300,5967
301,301,3605
302,302,5355
303,303,1091
304,304,343
305,305,6487
306,306,2419
307,307,3851
308,308,3129
309,309,6279
310,310,9312
311,311,7206
312,312,3102
313,313,3829
314,314,439
315,315,4281
316,316,8266
317,317,9877
318,318,9676
319,319,2210
320,320,2339
321,321,1614
322,322,955
323,323,5696
324,324,8438
325,325,228
326,326,1994
327,327,9809
328,328,620
329,329,4233
330,330,5316
331,331,4781
332,332,8217
333,333,9899
334,334,9046
335,335,689
336,336,5145
337,337,5714
338,338,8017
339,339,6533
340,340,2840
341,341,2693
342,342,9932
343,343,1699
344,344,9006
345,345,4273
346,346,5033
347,347,8387
348,348,8860
349,349,1896
350,350,9174
351,351,3316
352,352,813
353,353,6342
354,354,8505
355,355,9273
356,356,2854
357,357,7339
358,358,2261
359,359,1717
360,360,2520
361,361,2681
362,362,9400
363,363,9565
364,364,9967
365,365,4540
366,366,6267
367,367,5961
368,368,4104
369,369,7893
370,370,1926
371,371,357
372,372,9750
373,373,7115
374,374,4207
375,375,9131
376,376,5104
377,377,1040
378,378,2875
379,379,4079
380,380,3271
381,381,6459
382,382,9769
383,383,2175
384,384,1491
385,385,8341
386,386,2793
387,387,8750
388,388,2183
389,389,6850
390,390,9663
391,391,7588
392,392,6002
393,393,8967
394,394,5721
395,395,638
396,396,1480
397,397,6083
398,398,2290
399,399,8359
400,400,2126
401,401,5638
402,402,3237
403,403,7948
404,404,2808
405,405,411
406,406,290
407,407,4246
408,408,4854
409,409,9395
410,410,741
411,411,7881
412,412,7675
413,413,8393
414,414,3370
415,415,3137
416,416,2524
417,417,9003
418,418,2199
419,419,4288
420,420,8971
421,421,5247
422,422,9411
423,423,2155
424,424,147
425,425,4000
426,426,8282
427,427,4741
428,428,2151
429,429,378
430,430,5696
431,431,2412
432,432,2110
433,433,7015
434,434,8732
435,435,9366
436,436,9352
437,437,5657
438,438,1749
439,439,7748
440,440,4749
441,441,7342
442,442,8894
443,443,8197
444,444,4512
445,445,8130
446,446,4601
447,447,9551
448,448,7511
449,449,6503
450,450,3079
451,451,6055
452,452,9669
453,453,1032
454,454,5250
455,455,8568
456,456,7711
457,457,4633
458,458,3704
459,459,9053
460,460,5002
461,461,4450
462,462,6648
463,463,4952
464,464,9284
465,465,4075
466,466,3951
467,467,2690
468,468,5390
469,469,556
470,470,288
471,471,8030
472,472,5782
473,473,8136
474,474,9286
475,475,2806
476,476,9822
477,477,4228
478,478,724
479,479,3250
480,480,1760
481,481,7384
482,482,6441
483,483,2960
484,484,6796
485,485,3890
486,486,7981
487,487,2529
488,488,3856
489,489,7124
490,490,4333
491,491,9898
492,492,5751
493,493,9093
494,494,9393
495,495,4463
496,496,7119
497,497,324
498,498,8764
499,499,1685
500,500,3377
501,501,505
502,502,4378
503,503,8035
504,504,2092
505,505,7824
506,506,9568
507,507,7328
508,508,5943
509,509,9567
510,510,6204
511,511,4593
512,512,8776
513,513,8952
514,514,4508
515,515,6367
516,516,6438
517,517,797
518,518,8635
519,519,4209
520,520,8853
521,521,9465
522,522,8647
523,523,5871
524,524,2807
525,525,5191
526,526,5052
527,527,8790
528,528,2068
529,529,5589
530,530,6614
531,531,2511
532,532,369
533,533,8203
534,534,6050
535,535,9134
536,536,9810
537,537,2617
538,538,225
539,539,2009
540,540,1493
541,541,1065
542,542,9363
543,543,6260
544,544,4305
545,545,1854
546,546,6227
547,547,5112
548,548,2037
549,549,3581
550,550,6557
551,551,4626
552,552,6428
553,553,5579
554,554,4400
555,555,3295
556,556,1939
557,557,1344
558,558,4344
559,559,338
560,560,358
561,561,1938
562,562,8436
563,563,9546
564,564,3837
565,565,6745
566,566,9368
567,567,8165
568,568,6548
569,569,407
570,570,83
571,571,53
572,572,3431
573,573,2593
574,574,5779
575,575,3619
577,577,9614
578,578,9901
579,579,2346
580,580,8226
581,581,831
582,582,5517
583,583,5178
584,584,5344
585,585,474
586,586,1751
587,587,1265
588,588,6190
589,589,8559
590,590,8763
591,591,9391
592,592,6175
593,593,5605
594,594,9457
595,595,5492
596,596,6067
597,597,120
598,598,8313
599,599,6666
600,600,6949
601,601,7269
602,602,8096
603,603,6595
604,604,7089
605,605,6211
606,606,799
607,607,1728
608,608,472
609,609,1416
610,610,1487
611,611,9286
612,612,7620
613,613,7266
614,614,6754
615,615,8011
616,616,2355
617,617,2942
618,618,1430
619,619,7582
620,620,8806
621,621,7641
622,622,8251
623,623,4302
624,624,1976
625,625,2936
626,626,3864
627,627,9599
628,628,6838
629,629,4486
630,630,7936
631,631,711
632,632,1009
633,633,7668
634,634,5708
635,635,8144
636,636,1602
637,637,4242
638,638,1615
639,639,4307
640,640,6543
641,641,6437
642,642,5494
643,643,8399
644,644,5596
645,645,6108
646,646,2171
647,647,2331
648,648,7281
649,649,5927
650,650,2415
651,651,6623
652,652,4102
653,653,6395
654,654,3770
655,655,6502
656,656,7170
657,657,8817
658,658,5747
659,659,2318
660,660,2944
661,661,2444
662,662,8112
663,663,7277
664,664,4358
665,665,3218
666,666,2941
667,667,3826
668,668,2561
669,669,7088
670,670,974
671,671,1642
672,672,7841
673,673,4061
674,674,770
675,675,8928
676,676,1899
677,677,6596
678,678,6570
679,679,2266
680,680,7292
681,681,1769
682,682,2561
683,683,1057
684,684,1153
685,685,4091
686,686,2057
687,687,5926
688,688,1449
689,689,5666
690,690,8064
691,691,1944
692,692,4951
693,693,5547
694,694,4240
695,695,571
696,696,2758
697,697,241
698,698,96
699,699,8768
700,700,2496
701,701,795
702,702,1695
703,703,7201
704,704,8781
705,705,7853
706,706,1422
707,707,1509
708,708,8173
709,709,2191
710,710,6526
711,711,6896
712,712,3889
713,713,8907
714,714,2784
715,715,5353
716,716,2637
717,717,5744
718,718,7282
719,719,6197
720,720,2842
721,721,1759
722,722,4063
723,723,5975
724,724,1212
725,725,3321
726,726,5265
727,727,4105
728,728,8487
729,729,3576
730,730,9294
731,731,5850
732,732,558
733,733,477
734,734,4831
735,735,9936
736,736,6265
737,737,9394
738,738,8929
739,739,5225
740,740,1942
741,741,563
742,742,3560
743,743,4289
744,744,6903
745,745,6153
746,746,8700
747,747,3451
748,748,284
749,749,6828
750,750,4840
751,751,17
752,752,1057
753,753,5378
754,754,8302
755,755,4356
756,756,1748
757,757,5016
758,758,5702
759,759,7577
760,760,5101
761,761,3406
762,762,6116
763,763,1795
764,764,1190
765,765,8276
766,766,297
767,767,6757
768,768,3929
769,769,483
770,770,8150
771,771,4678
772,772,9788
773,773,5313
774,774,1824
775,775,6280
776,776,2310
777,777,7366
778,778,6699
779,779,5983
780,780,6544
781,781,3319
782,782,8819
783,783,7058
784,784,4854
785,785,6176
786,786,5632
787,787,6596
788,788,878
789,789,9320
790,790,7747
791,791,2467
792,792,4535
793,793,5347
794,794,2827
795,795,5936
796,796,1518
797,797,5857
798,798,9172
799,799,7334
800,800,3557
801,801,2374
802,802,6540
803,803,1958
804,804,5303
805,805,6732
806,806,3270
807,807,3872
808,808,6329
809,809,4673
810,810,8149
811,811,4237
812,812,9360
813,813,7289
814,814,8796
815,815,6422
816,816,3900
817,817,2383
818,818,6922
819,819,9820
820,820,4345
821,821,1881
822,822,547
823,823,5577
824,824,3407
825,825,2186
826,826,1442
827,827,2263
828,828,7084
829,829,4166
830,830,7817
831,831,3776
832,832,3517
833,833,1752
834,834,8076
835,835,8480
836,836,8990
837,837,5827
838,838,7351
839,839,7203
840,840,3490
841,841,5793
842,842,236
843,843,9412
844,844,7671
845,845,216
846,846,5787
847,847,3807
848,848,7540
849,849,5521
850,850,2246
851,851,5038
852,852,4683
853,853,4170
854,854,710
855,855,6206
856,856,7762
857,857,7169
858,858,2965
859,859,6953
860,860,2190
861,861,259
862,862,5121
863,863,3987
864,864,247
865,865,776
866,866,1435
867,867,9213
868,868,2006
869,869,2642
870,870,6540
871,871,1992
872,872,9375
873,873,556
874,874,3120
875,875,4269
876,876,7436
877,877,3171
878,878,1668
879,879,1079
880,880,6865
881,881,7885
882,882,5160
883,883,2016
884,884,1599
885,885,3356
886,886,3011
887,887,3867
888,888,2776
889,889,9504
890,890,9203
891,891,9638
892,892,5948
893,893,6240
894,894,8653
895,895,2417
896,896,495
897,897,167
898,898,6655
899,899,7908
900,900,7277
901,901,4710
902,902,6496
903,903,4179
904,904,2177
905,905,3227
906,906,2443
907,907,1693
908,908,2450
909,909,4918
910,910,6186
911,911,6236
912,912,8656
913,913,5763
914,914,9469
915,915,5017
916,916,257
917,917,2498
918,918,1740
919,919,1828
920,920,628
921,921,7163
922,922,6265
923,923,7085
924,924,8682
925,925,2794
926,926,6620
927,927,9457
928,928,2542
929,929,9354
930,930,7491
931,931,9898
932,932,6517
933,933,326
934,934,3288
935,935,2132
936,936,7249
937,937,7624
938,938,2185
939,939,3940
940,940,5919
941,941,723
942,942,6367
943,943,8987
944,944,3388
945,945,8101
946,946,9468
947,947,8685
948,948,4361
949,949,1791
950,950,188
951,951,5060
952,952,824
953,953,1432
954,954,4759
955,955,9724
956,956,692
957,957,3060
958,958,268
959,959,247
960,960,1068
961,961,3621
962,962,162
963,963,3390
964,964,3981
965,965,3676
966,966,5744
967,967,2456
968,968,4751
969,969,170
970,970,3288
971,971,2004
972,972,9513
973,973,4057
974,974,956
975,975,7570
976,976,4287
977,977,7036
978,978,8894
979,979,6616
980,980,2634
981,981,3665
982,982,2655
983,983,7873
984,984,9274
985,985,1770
986,986,3356
987,987,709
988,988,399
989,989,2187
990,990,2063
991,991,7075
992,992,1749
993,993,9853
994,994,5426
995,995,6135
996,996,1515
997,997,3562
998,998,8876
999,999,6056
1016,1020,10008
1018,701,10008
